nii,1,2,3
./res_dicom2nifti/1/1.2.826.0.1.3680043.8.498.66781181711417502200442935481813368822/1.2.826.0.1.3680043.8.498.42816068413942726282925738946416014672.nii,43.0,52.0,61.0
./res_dicom2nifti/10/1.2.826.0.1.3680043.8.498.74092675855268121402218905764656210858/1.2.826.0.1.3680043.8.498.58011923490331605614909284511834411229.nii,40.0,51.0,62.0
./res_dicom2nifti/100/1.2.826.0.1.3680043.8.498.14633259170840905094774007585284494938/1.2.826.0.1.3680043.8.498.12722974421890149532311945401083022843.nii,41.0,59.0,77.0
./res_dicom2nifti/100/1.2.826.0.1.3680043.8.498.14633259170840905094774007585284494938/1.2.826.0.1.3680043.8.498.81465009939638788818126438256428418011.nii,52.0,61.0,69.0
./res_dicom2nifti/101/1.2.826.0.1.3680043.8.498.92487922998586900294233106526263326106/1.2.826.0.1.3680043.8.498.62269367583857852943760285801776672434.nii,15.0,32.0,49.0
./res_dicom2nifti/102/1.2.826.0.1.3680043.8.498.80062628420619977595772805595184677460/1.2.826.0.1.3680043.8.498.65191535336801156701874675329674247832.nii,3.0,22.0,41.0
./res_dicom2nifti/103/1.2.826.0.1.3680043.8.498.98152161880201426862532124054492013557/1.2.826.0.1.3680043.8.498.23635935494344852827857330664916759173.nii,47.0,57.0,66.0
./res_dicom2nifti/103/1.2.826.0.1.3680043.8.498.98152161880201426862532124054492013557/1.2.826.0.1.3680043.8.498.11813261779312006078331954328966850170.nii,39.0,57.0,75.0
./res_dicom2nifti/104/1.2.826.0.1.3680043.8.498.71775721404285808545120842462586985851/1.2.826.0.1.3680043.8.498.89966610154648739945890530475114518971.nii,4.0,28.0,52.0
./res_dicom2nifti/104/1.2.826.0.1.3680043.8.498.71775721404285808545120842462586985851/1.2.826.0.1.3680043.8.498.10529460128049289782891345937986337470.nii,13.0,28.0,42.0
./res_dicom2nifti/105/1.2.826.0.1.3680043.8.498.36743252609334979227539952269861407637/1.2.826.0.1.3680043.8.498.69742114425499140677796089874935784650.nii,36.0,46.0,56.0
./res_dicom2nifti/106/1.2.826.0.1.3680043.8.498.18284242375539563875911820520683047344/1.2.826.0.1.3680043.8.498.79683711066658108431674569837568647629.nii,43.0,60.0,77.0
./res_dicom2nifti/107/1.2.826.0.1.3680043.8.498.11250329308620850349369089954685268786/1.2.826.0.1.3680043.8.498.27216585434026046396708631308317611008.nii,-16.75,-1.0,13.0
./res_dicom2nifti/107/1.2.826.0.1.3680043.8.498.71779090559778908048541811570921854299/1.2.826.0.1.3680043.8.498.17598566927964591771514897533481486138.nii,-8.0,2.0,13.0
./res_dicom2nifti/108/1.2.826.0.1.3680043.8.498.14661480659975400441878650925665884604/1.2.826.0.1.3680043.8.498.10828381981684685955240989066113282772.nii,13.0,29.0,45.0
./res_dicom2nifti/108/1.2.826.0.1.3680043.8.498.45599302089536639222795843064508879183/1.2.826.0.1.3680043.8.498.11656256639315371466278782571379980628.nii,13.0,32.0,51.0
./res_dicom2nifti/109/1.2.826.0.1.3680043.8.498.11178987841667003300460538691484877406/1.2.826.0.1.3680043.8.498.13381565519561833744577637954521844635.nii,34.0,49.0,64.0
./res_dicom2nifti/109/1.2.826.0.1.3680043.8.498.11178987841667003300460538691484877406/1.2.826.0.1.3680043.8.498.42430632961042533342656603156114578094.nii,39.0,49.0,58.0
./res_dicom2nifti/11/1.2.826.0.1.3680043.8.498.68487937784009401532517037156068967389/1.2.826.0.1.3680043.8.498.36927351872286312222404568955081240596.nii,0.0,19.0,38.0
./res_dicom2nifti/110/1.2.826.0.1.3680043.8.498.12696013323513934166530221662131519628/1.2.826.0.1.3680043.8.498.42143656002206692433216347071275629564.nii,34.0,50.0,66.0
./res_dicom2nifti/111/1.2.826.0.1.3680043.8.498.29962143645261852293935284243502692089/1.2.826.0.1.3680043.8.498.61002313927522003693911131639893910725.nii,10.0,28.0,46.0
./res_dicom2nifti/111/1.2.826.0.1.3680043.8.498.72485194895872369480150696839298425369/1.2.826.0.1.3680043.8.498.80779218433674286572463454346887787199.nii,17.0,33.0,50.0
./res_dicom2nifti/112/1.2.826.0.1.3680043.8.498.66122534001941117993919995504562313229/1.2.826.0.1.3680043.8.498.87209265375869200333923593246872459919.nii,9.0,27.0,45.0
./res_dicom2nifti/113/1.2.826.0.1.3680043.8.498.77336016845441438159801679219618069914/1.2.826.0.1.3680043.8.498.10652438268468195479451934726985742135.nii,15.0,34.0,51.0
./res_dicom2nifti/114/1.2.826.0.1.3680043.8.498.16324370682465774490172927216763431079/1.2.826.0.1.3680043.8.498.74569018180707397043645420108420030523.nii,38.0,51.0,62.0
./res_dicom2nifti/114/1.2.826.0.1.3680043.8.498.16324370682465774490172927216763431079/1.2.826.0.1.3680043.8.498.23458218988854690413408742484083164414.nii,31.0,51.0,70.0
./res_dicom2nifti/115/1.2.826.0.1.3680043.8.498.62717788801057195224446636629115577965/1.2.826.0.1.3680043.8.498.11482877167385284508053194620677447255.nii,57.0,69.0,80.0
./res_dicom2nifti/116/1.2.826.0.1.3680043.8.498.10195241430858294020595008731317181792/1.2.826.0.1.3680043.8.498.40717566467936174800084221473301865883.nii,48.0,63.0,79.0
./res_dicom2nifti/117/1.2.826.0.1.3680043.8.498.11916068918215689392937760998511058961/1.2.826.0.1.3680043.8.498.25799817583137688022106289937774960086.nii,27.0,36.0,45.0
./res_dicom2nifti/118/1.2.826.0.1.3680043.8.498.69071668171791829529815494850526202111/1.2.826.0.1.3680043.8.498.28363582963689005839166974805923338134.nii,41.0,50.0,59.0
./res_dicom2nifti/119/1.2.826.0.1.3680043.8.498.71094225320401667350568405917000452830/1.2.826.0.1.3680043.8.498.67835498038971741618285259860364598722.nii,24.0,41.0,58.0
./res_dicom2nifti/12/1.2.826.0.1.3680043.8.498.28815030444572475382357498744617451294/1.2.826.0.1.3680043.8.498.48418300735292984794094954221090759335.nii,41.0,57.0,73.0
./res_dicom2nifti/120/1.2.826.0.1.3680043.8.498.13184289044648108975249241776901590618/1.2.826.0.1.3680043.8.498.78210125537331686427809451987471983649.nii,37.0,50.0,63.0
./res_dicom2nifti/121/1.2.826.0.1.3680043.8.498.12707904644166090446861012949832767097/1.2.826.0.1.3680043.8.498.71506225968817674066307275789420467781.nii,46.0,60.0,73.0
./res_dicom2nifti/122/1.2.826.0.1.3680043.8.498.94624398541721153260703465306501876352/1.2.826.0.1.3680043.8.498.65343607147576027611919719765724520526.nii,54.0,65.0,74.0
./res_dicom2nifti/123/1.2.826.0.1.3680043.8.498.85230312221554299879413628853522589956/1.2.826.0.1.3680043.8.498.58159937187724224088727690385042417646.nii,4.0,26.0,48.0
./res_dicom2nifti/124/1.2.826.0.1.3680043.8.498.16291457764115733532967159176851884466/1.2.826.0.1.3680043.8.498.87803927052728833538890210522442655798.nii,25.0,37.0,49.0
./res_dicom2nifti/124/1.2.826.0.1.3680043.8.498.16291457764115733532967159176851884466/1.2.826.0.1.3680043.8.498.94974813332815218860835903544959802629.nii,18.0,37.0,56.0
./res_dicom2nifti/124/1.2.826.0.1.3680043.8.498.93420086948337938930273650674871601712/1.2.826.0.1.3680043.8.498.12827720747674211422831890148588075406.nii,11.0,29.0,46.0
./res_dicom2nifti/124/1.2.826.0.1.3680043.8.498.93420086948337938930273650674871601712/1.2.826.0.1.3680043.8.498.11103780371944690510652344484312671844.nii,17.0,28.0,40.0
./res_dicom2nifti/125/1.2.826.0.1.3680043.8.498.44411464439444333672322856720180085992/1.2.826.0.1.3680043.8.498.20402545064089760128796830375791106057.nii,26.0,41.0,57.0
./res_dicom2nifti/125/1.2.826.0.1.3680043.8.498.54097458767634842638567396884881968740/1.2.826.0.1.3680043.8.498.26515724524044796188205967137016268603.nii,23.0,39.0,55.0
./res_dicom2nifti/126/1.2.826.0.1.3680043.8.498.16235536750940946799959156285173492253/1.2.826.0.1.3680043.8.498.11985196524539087893185645556241693481.nii,26.0,36.0,47.0
./res_dicom2nifti/126/1.2.826.0.1.3680043.8.498.50645419857661912119069576207686786353/1.2.826.0.1.3680043.8.498.47777285068452142312900004778078827272.nii,13.0,28.0,43.0
./res_dicom2nifti/127/1.2.826.0.1.3680043.8.498.71483823509733879395719082803163062086/1.2.826.0.1.3680043.8.498.34939400562444359530529304264148906246.nii,8.0,27.0,45.0
./res_dicom2nifti/128/1.2.826.0.1.3680043.8.498.46842044745816431472123785906043869678/1.2.826.0.1.3680043.8.498.82309879059851420552758365607004915749.nii,40.0,56.0,71.0
./res_dicom2nifti/129/1.2.826.0.1.3680043.8.498.24470270158829308732959270460081126371/1.2.826.0.1.3680043.8.498.33350947892598760182863889343530129040.nii,38.0,52.0,65.0
./res_dicom2nifti/13/1.2.826.0.1.3680043.8.498.43334737134058175338706972282483785305/1.2.826.0.1.3680043.8.498.11452454937972085628523203731630425938.nii,-3.0,14.0,31.0
./res_dicom2nifti/130/1.2.826.0.1.3680043.8.498.12269241185324628861793473066787475349/1.2.826.0.1.3680043.8.498.28992944540479331415923165378509448731.nii,32.0,43.0,55.0
./res_dicom2nifti/130/1.2.826.0.1.3680043.8.498.48075633431343092806852438355137049749/1.2.826.0.1.3680043.8.498.73885314837863526007968986829325375852.nii,45.0,55.0,65.0
./res_dicom2nifti/131/1.2.826.0.1.3680043.8.498.75014202930192730882204879977362136835/1.2.826.0.1.3680043.8.498.84788043350644213858169057903435937585.nii,20.0,34.0,49.0
./res_dicom2nifti/132/1.2.826.0.1.3680043.8.498.66880072793667319639100164065116837192/1.2.826.0.1.3680043.8.498.19623785861471962856000655246719834723.nii,-7.0,14.0,35.0
./res_dicom2nifti/133/1.2.826.0.1.3680043.8.498.23240178091117504369118610510070739252/1.2.826.0.1.3680043.8.498.95672465352386790608025954354393529384.nii,46.0,62.0,78.0
./res_dicom2nifti/134/1.2.826.0.1.3680043.8.498.18529077598132013158704286675658504172/1.2.826.0.1.3680043.8.498.11962496284797747358182322995994701929.nii,48.0,61.0,73.0
./res_dicom2nifti/135/1.2.826.0.1.3680043.8.498.67073677368481583411776177339826107126/1.2.826.0.1.3680043.8.498.84911583964865343562269852294233197239.nii,26.0,40.0,55.0
./res_dicom2nifti/136/1.2.826.0.1.3680043.8.498.56580703855653971029639173127873524557/1.2.826.0.1.3680043.8.498.16682212175869444365279734842873195055.nii,18.0,27.0,37.0
./res_dicom2nifti/137/1.2.826.0.1.3680043.8.498.29636203596928530049546724518591796469/1.2.826.0.1.3680043.8.498.16456472669103547327996531241349504846.nii,9.0,27.0,45.0
./res_dicom2nifti/138/1.2.826.0.1.3680043.8.498.26742654214440683583526887976488637057/1.2.826.0.1.3680043.8.498.78205720445877685262616026503257414428.nii,28.0,41.0,53.0
./res_dicom2nifti/138/1.2.826.0.1.3680043.8.498.50708065408868903646423338762010231481/1.2.826.0.1.3680043.8.498.24533802623230713965599400326162062077.nii,33.0,46.0,59.0
./res_dicom2nifti/139/1.2.826.0.1.3680043.8.498.10275865430415578706337636247089046726/1.2.826.0.1.3680043.8.498.69416194757041538015068444672080743951.nii,8.0,23.0,37.0
./res_dicom2nifti/14/1.2.826.0.1.3680043.8.498.11165715194776944052027699264471002115/1.2.826.0.1.3680043.8.498.87904228732369434102879519424342846341.nii,37.0,49.0,59.0
./res_dicom2nifti/14/1.2.826.0.1.3680043.8.498.21997455455255570864297318211355466564/1.2.826.0.1.3680043.8.498.74796245989706856045031760929574125691.nii,28.0,50.0,71.0
./res_dicom2nifti/14/1.2.826.0.1.3680043.8.498.62787557684059239571150737210484501261/1.2.826.0.1.3680043.8.498.12018795746994383773075225743892530586.nii,40.0,55.0,71.0
./res_dicom2nifti/140/1.2.826.0.1.3680043.8.498.12054486274919103813153898672827157225/1.2.826.0.1.3680043.8.498.86989568888268211002336064575176955361.nii,34.0,44.0,53.0
./res_dicom2nifti/141/1.2.826.0.1.3680043.8.498.92834151127945029251507202591387820743/1.2.826.0.1.3680043.8.498.12862411302525163177195757113501777171.nii,34.0,57.0,79.0
./res_dicom2nifti/141/1.2.826.0.1.3680043.8.498.92834151127945029251507202591387820743/1.2.826.0.1.3680043.8.498.12570546254375804024912416309348720250.nii,43.0,56.0,70.0
./res_dicom2nifti/142/1.2.826.0.1.3680043.8.498.12313105998077671598190725800730320376/1.2.826.0.1.3680043.8.498.11642005078366345348872430764344680140.nii,50.0,62.0,72.0
./res_dicom2nifti/142/1.2.826.0.1.3680043.8.498.12783600492099858102790348658804929609/1.2.826.0.1.3680043.8.498.59809668383872141508008188924607730225.nii,35.0,46.0,57.0
./res_dicom2nifti/142/1.2.826.0.1.3680043.8.498.12783600492099858102790348658804929609/1.2.826.0.1.3680043.8.498.64272016319191622369923123282001472049.nii,29.0,46.0,64.0
./res_dicom2nifti/143/1.2.826.0.1.3680043.8.498.11991773318707045722858094258502978089/1.2.826.0.1.3680043.8.498.35515957684791036937575805444057130982.nii,32.0,50.0,67.0
./res_dicom2nifti/144/1.2.826.0.1.3680043.8.498.12485722576853437191919299040960094697/1.2.826.0.1.3680043.8.498.97946783973467906247952071990140092756.nii,19.0,36.0,52.0
./res_dicom2nifti/145/1.2.826.0.1.3680043.8.498.72064884022986601260635968191121747545/1.2.826.0.1.3680043.8.498.84971226428438947653980260543104188263.nii,24.0,42.0,59.0
./res_dicom2nifti/145/1.2.826.0.1.3680043.8.498.72064884022986601260635968191121747545/1.2.826.0.1.3680043.8.498.12617696440894356160862169066997771972.nii,30.0,42.0,52.0
./res_dicom2nifti/146/1.2.826.0.1.3680043.8.498.65172135780982302622365809710432461816/1.2.826.0.1.3680043.8.498.96874593394210245840033611135547612366.nii,40.0,50.0,60.0
./res_dicom2nifti/147/1.2.826.0.1.3680043.8.498.23942801737966726062963008675004851723/1.2.826.0.1.3680043.8.498.20775460461121227309484139822057155782.nii,12.0,31.0,50.0
./res_dicom2nifti/148/1.2.826.0.1.3680043.8.498.41689444348032966810789265111881017123/1.2.826.0.1.3680043.8.498.31145423485859481785209744794433964927.nii,37.0,54.0,71.0
./res_dicom2nifti/149/1.2.826.0.1.3680043.8.498.28240657926652655851426089891986490587/1.2.826.0.1.3680043.8.498.68356735019462456312248492348033964295.nii,44.0,59.0,72.0
./res_dicom2nifti/15/1.2.826.0.1.3680043.8.498.12639348182361976978793927945876768402/1.2.826.0.1.3680043.8.498.32444615115724912272525780762979177513.nii,6.0,27.0,48.0
./res_dicom2nifti/150/1.2.826.0.1.3680043.8.498.75487999726291723699577817331173137147/1.2.826.0.1.3680043.8.498.11715430308541695817805508853770856060.nii,11.0,39.0,67.0
./res_dicom2nifti/151/1.2.826.0.1.3680043.8.498.92283595883007005891540328837498983149/1.2.826.0.1.3680043.8.498.10289764125192162822614300897245797425.nii,32.0,44.0,54.0
./res_dicom2nifti/152/1.2.826.0.1.3680043.8.498.60111581716357858738565031495378936998/1.2.826.0.1.3680043.8.498.10338924211113300936115517460369329728.nii,44.0,60.0,77.0
./res_dicom2nifti/153/1.2.826.0.1.3680043.8.498.13033940530851208671380349705570350775/1.2.826.0.1.3680043.8.498.80327923098944383325875072123516661507.nii,35.0,45.0,55.0
./res_dicom2nifti/154/1.2.826.0.1.3680043.8.498.57432499712545577609659070344868985501/1.2.826.0.1.3680043.8.498.12226033470515861343918849616785811379.nii,20.0,39.0,57.0
./res_dicom2nifti/154/1.2.826.0.1.3680043.8.498.57432499712545577609659070344868985501/1.2.826.0.1.3680043.8.498.10381543483048644144359620757767031270.nii,27.0,38.0,49.0
./res_dicom2nifti/155/1.2.826.0.1.3680043.8.498.75624695078825215229382826580840118017/1.2.826.0.1.3680043.8.498.57051175717339222251559374622089039462.nii,45.0,55.0,65.0
./res_dicom2nifti/156/1.2.826.0.1.3680043.8.498.62826763358350884575069353021207918287/1.2.826.0.1.3680043.8.498.99150640850236777482487987861644229268.nii,6.0,30.0,54.0
./res_dicom2nifti/156/1.2.826.0.1.3680043.8.498.62826763358350884575069353021207918287/1.2.826.0.1.3680043.8.498.11179631632061973219328946299762542470.nii,15.0,29.0,44.0
./res_dicom2nifti/157/1.2.826.0.1.3680043.8.498.13551221792388518310143795629647399618/1.2.826.0.1.3680043.8.498.57471362033226833234553497229670576843.nii,25.0,36.0,47.0
./res_dicom2nifti/158/1.2.826.0.1.3680043.8.498.12877948938574729697722249608874245026/1.2.826.0.1.3680043.8.498.11497671349191251695237623015600782540.nii,10.0,27.0,43.0
./res_dicom2nifti/159/1.2.826.0.1.3680043.8.498.15446672875842498796289453108587845530/1.2.826.0.1.3680043.8.498.14887136940047792883385489075274075840.nii,15.0,24.0,32.0
./res_dicom2nifti/16/1.2.826.0.1.3680043.8.498.91086920972257165434195854721527508978/1.2.826.0.1.3680043.8.498.11612320679938345228202139280505964553.nii,26.0,34.0,41.0
./res_dicom2nifti/160/1.2.826.0.1.3680043.8.498.11621055929909453529431676437752786717/1.2.826.0.1.3680043.8.498.25773195063978937185670982852656262443.nii,40.0,48.0,56.0
./res_dicom2nifti/161/1.2.826.0.1.3680043.8.498.12608996706114339276338397259383369459/1.2.826.0.1.3680043.8.498.42955265238418819225254081506425059386.nii,4.0,22.0,40.0
./res_dicom2nifti/162/1.2.826.0.1.3680043.8.498.10345132138238005449735131997529169976/1.2.826.0.1.3680043.8.498.95889712968238615938191779330012674551.nii,-21.0,-2.0,17.0
./res_dicom2nifti/163/1.2.826.0.1.3680043.8.498.55807341187205381975310577049218719173/1.2.826.0.1.3680043.8.498.11802122670978820955322450699879629714.nii,44.0,54.0,63.0
./res_dicom2nifti/163/1.2.826.0.1.3680043.8.498.55807341187205381975310577049218719173/1.2.826.0.1.3680043.8.498.71488312550877418989407383781141274117.nii,38.0,54.0,70.0
./res_dicom2nifti/164/1.2.826.0.1.3680043.8.498.83668304744821146372612243988505789311/1.2.826.0.1.3680043.8.498.10897816024686723644087483987717340597.nii,51.0,70.0,88.0
./res_dicom2nifti/165/1.2.826.0.1.3680043.8.498.42372446120818505805282897338064441147/1.2.826.0.1.3680043.8.498.74900437463434558282193485699928713737.nii,49.0,61.0,72.0
./res_dicom2nifti/166/1.2.826.0.1.3680043.8.498.68403643677012014225376892955334445064/1.2.826.0.1.3680043.8.498.93410378614932041929594020695121606604.nii,51.0,65.0,80.0
./res_dicom2nifti/167/1.2.826.0.1.3680043.8.498.32049690104156922971217842051036988652/1.2.826.0.1.3680043.8.498.86999802200324663120664641765231836225.nii,17.0,36.0,54.0
./res_dicom2nifti/168/1.2.826.0.1.3680043.8.498.62213492865902826150105200385219287763/1.2.826.0.1.3680043.8.498.59439130504718797733658836257897043136.nii,43.0,54.0,64.0
./res_dicom2nifti/169/1.2.826.0.1.3680043.8.498.96572914182686052313160780794695849734/1.2.826.0.1.3680043.8.498.20506196073143675611359798629353432815.nii,35.0,47.0,59.0
./res_dicom2nifti/17/1.2.826.0.1.3680043.8.498.65288850681892123941311820950578465446/1.2.826.0.1.3680043.8.498.93738233174427325679092259532961256850.nii,-6.0,13.0,32.0
./res_dicom2nifti/170/1.2.826.0.1.3680043.8.498.11822591276347023863974417581731975324/1.2.826.0.1.3680043.8.498.12872371382747240773237355561192375565.nii,36.0,51.0,65.0
./res_dicom2nifti/171/1.2.826.0.1.3680043.8.498.97845039880421786879736975272263307833/1.2.826.0.1.3680043.8.498.71211939294129340011327209702514853449.nii,37.0,52.0,68.0
./res_dicom2nifti/171/1.2.826.0.1.3680043.8.498.97845039880421786879736975272263307833/1.2.826.0.1.3680043.8.498.23726172323525261393488183078877538646.nii,41.0,52.0,62.0
./res_dicom2nifti/172/1.2.826.0.1.3680043.8.498.89837182927654273943613034763893882250/1.2.826.0.1.3680043.8.498.41759765762721948408531720452318237968.nii,20.0,35.0,50.0
./res_dicom2nifti/173/1.2.826.0.1.3680043.8.498.11437884898819456561211167727784161545/1.2.826.0.1.3680043.8.498.64788859847439928406564183379498025731.nii,15.0,32.0,49.0
./res_dicom2nifti/173/1.2.826.0.1.3680043.8.498.11437884898819456561211167727784161545/1.2.826.0.1.3680043.8.498.43074926039031073610637603997433949669.nii,21.0,32.0,43.0
./res_dicom2nifti/174/1.2.826.0.1.3680043.8.498.42510590719614401436384295441969281694/1.2.826.0.1.3680043.8.498.33879451627410069032888302358048920657.nii,26.0,37.0,47.0
./res_dicom2nifti/176/1.2.826.0.1.3680043.8.498.50690086041947124061680273926934650408/1.2.826.0.1.3680043.8.498.41067113871024022489598240359721455843.nii,44.0,59.0,73.0
./res_dicom2nifti/177/1.2.826.0.1.3680043.8.498.35519105002065973452065767280661873009/1.2.826.0.1.3680043.8.498.12734921665156503819898217619089176807.nii,36.0,49.0,63.0
./res_dicom2nifti/177/1.2.826.0.1.3680043.8.498.35519105002065973452065767280661873009/1.2.826.0.1.3680043.8.498.13310604024143134554510173722079662139.nii,40.0,49.0,57.0
./res_dicom2nifti/178/1.2.826.0.1.3680043.8.498.10883757637513974004991319487327686078/1.2.826.0.1.3680043.8.498.78842496806286787179133781167687678411.nii,41.0,58.0,75.0
./res_dicom2nifti/179/1.2.826.0.1.3680043.8.498.42182025058819382673143449883185096465/1.2.826.0.1.3680043.8.498.21829312954375475590575276291276641974.nii,-13.0,2.0,17.0
./res_dicom2nifti/18/1.2.826.0.1.3680043.8.498.13191241008852403513781537477321403734/1.2.826.0.1.3680043.8.498.13226389318360530762560634255796632485.nii,36.0,57.0,78.0
./res_dicom2nifti/180/1.2.826.0.1.3680043.8.498.72899674769257255449301787196710362971/1.2.826.0.1.3680043.8.498.45813302147522985998663777044825826088.nii,30.0,48.0,65.0
./res_dicom2nifti/181/1.2.826.0.1.3680043.8.498.10075121998577473080293034043533733653/1.2.826.0.1.3680043.8.498.32589014290321431313744158123123345329.nii,-1.0,8.0,16.0
./res_dicom2nifti/181/1.2.826.0.1.3680043.8.498.97090573977159154119711341262753210025/1.2.826.0.1.3680043.8.498.94046056115206792460390478142839079152.nii,22.0,31.0,40.0
./res_dicom2nifti/182/1.2.826.0.1.3680043.8.498.95044772497046941538069945435981334712/1.2.826.0.1.3680043.8.498.12486228558506227316267199035890502385.nii,26.0,36.0,46.0
./res_dicom2nifti/183/1.2.826.0.1.3680043.8.498.69380091063985402452122955110014001123/1.2.826.0.1.3680043.8.498.61479390798889660160385669532175414429.nii,34.0,51.0,69.0
./res_dicom2nifti/183/1.2.826.0.1.3680043.8.498.69380091063985402452122955110014001123/1.2.826.0.1.3680043.8.498.10623731785489907886512962350326331460.nii,40.0,51.0,62.0
./res_dicom2nifti/184/1.2.826.0.1.3680043.8.498.60394651607477378939106444377248104095/1.2.826.0.1.3680043.8.498.99871176764391802532867192301305017592.nii,53.0,67.0,80.0
./res_dicom2nifti/185/1.2.826.0.1.3680043.8.498.12963514444589241424853994450781224807/1.2.826.0.1.3680043.8.498.93248679043819703961330736520152387322.nii,-14.0,8.0,29.0
./res_dicom2nifti/185/1.2.826.0.1.3680043.8.498.22873979719205254487271327303477026372/1.2.826.0.1.3680043.8.498.35596995435388574824815473597654224031.nii,-12.0,5.0,22.0
./res_dicom2nifti/186/1.2.826.0.1.3680043.8.498.71390934170850917018882839863992324306/1.2.826.0.1.3680043.8.498.88230096468083741003981793802969829218.nii,43.0,57.0,70.0
./res_dicom2nifti/187/1.2.826.0.1.3680043.8.498.57671808935777965490077990177588492065/1.2.826.0.1.3680043.8.498.31776753689925379965858143446836286884.nii,43.0,60.0,77.0
./res_dicom2nifti/188/1.2.826.0.1.3680043.8.498.25556999828482933069373565060698626939/1.2.826.0.1.3680043.8.498.26475879183265903309822502476405768553.nii,38.0,52.0,66.0
./res_dicom2nifti/188/1.2.826.0.1.3680043.8.498.25556999828482933069373565060698626939/1.2.826.0.1.3680043.8.498.11578891486822107180016011583262565856.nii,29.0,52.0,75.0
./res_dicom2nifti/189/1.2.826.0.1.3680043.8.498.17685655734055097454754172419431973319/1.2.826.0.1.3680043.8.498.10136073911505657374760959808006095644.nii,4.0,23.0,42.0
./res_dicom2nifti/19/1.2.826.0.1.3680043.8.498.89976254472651412286989979582385857108/1.2.826.0.1.3680043.8.498.91442027865686887332902582316712308131.nii,9.0,23.0,36.0
./res_dicom2nifti/19/1.2.826.0.1.3680043.8.498.89976254472651412286989979582385857108/1.2.826.0.1.3680043.8.498.80183946952055210546066703229088656670.nii,2.0,23.0,44.0
./res_dicom2nifti/190/1.2.826.0.1.3680043.8.498.71520760540811663637893776751610994546/1.2.826.0.1.3680043.8.498.10854579588483194179994162264771295914.nii,8.0,39.0,69.0
./res_dicom2nifti/190/1.2.826.0.1.3680043.8.498.71520760540811663637893776751610994546/1.2.826.0.1.3680043.8.498.50223299918918320616298158678668107843.nii,20.0,38.0,57.0
./res_dicom2nifti/191/1.2.826.0.1.3680043.8.498.70464851970444901029695279277839736475/1.2.826.0.1.3680043.8.498.11174531916190831475065876105320395760.nii,28.0,41.0,54.0
./res_dicom2nifti/192/1.2.826.0.1.3680043.8.498.93280089429389939511270144405244858316/1.2.826.0.1.3680043.8.498.50894561775315193116491343008067579485.nii,37.0,54.0,71.0
./res_dicom2nifti/192/1.2.826.0.1.3680043.8.498.93280089429389939511270144405244858316/1.2.826.0.1.3680043.8.498.83262375740823684872921375706434657312.nii,43.0,54.0,64.0
./res_dicom2nifti/193/1.2.826.0.1.3680043.8.498.76339094697569936011047674982754493277/1.2.826.0.1.3680043.8.498.13912528366858804814499344232612211693.nii,30.0,39.0,49.0
./res_dicom2nifti/194/1.2.826.0.1.3680043.8.498.10220700585685673413538325712426505108/1.2.826.0.1.3680043.8.498.10783286298489870975983348766536261472.nii,-32.0,-24.0,-16.0
./res_dicom2nifti/195/1.2.826.0.1.3680043.8.498.75575223090043446373406245369375036323/1.2.826.0.1.3680043.8.498.56611775159464552279618315998759946645.nii,24.0,41.0,58.0
./res_dicom2nifti/196/1.2.826.0.1.3680043.8.498.47303133457194834833842649405249038503/1.2.826.0.1.3680043.8.498.10519999180027557859310025865371134362.nii,13.0,21.0,29.0
./res_dicom2nifti/197/1.2.826.0.1.3680043.8.498.10887062225143834706837474687792552279/1.2.826.0.1.3680043.8.498.71954550615431820748065477426969932898.nii,39.0,48.0,57.0
./res_dicom2nifti/198/1.2.826.0.1.3680043.8.498.35002996127486679020398891661760747549/1.2.826.0.1.3680043.8.498.73218946876101750457409142892011624860.nii,35.0,63.0,91.0
./res_dicom2nifti/199/1.2.826.0.1.3680043.8.498.72267910083305923513097220176935404747/1.2.826.0.1.3680043.8.498.19648739026815593219561456525726679867.nii,23.0,44.0,64.0
./res_dicom2nifti/199/1.2.826.0.1.3680043.8.498.72267910083305923513097220176935404747/1.2.826.0.1.3680043.8.498.26111972808241789933849974931740095794.nii,31.0,43.0,56.0
./res_dicom2nifti/2/1.2.826.0.1.3680043.8.498.75513060046644326105538753154034259013/1.2.826.0.1.3680043.8.498.70251106790351972638068640305226983539.nii,34.0,51.0,68.0
./res_dicom2nifti/200/1.2.826.0.1.3680043.8.498.11721180816720485367751539084585138269/1.2.826.0.1.3680043.8.498.79659762084899172009607187891636291234.nii,-10.0,1.0,12.0
./res_dicom2nifti/201/1.2.826.0.1.3680043.8.498.11972732707349929587571618495264088950/1.2.826.0.1.3680043.8.498.10663490339008061226764237763170948528.nii,23.0,37.0,52.0
./res_dicom2nifti/202/1.2.826.0.1.3680043.8.498.42249537407261824604269236676513482028/1.2.826.0.1.3680043.8.498.72792728429204339501419735214572879374.nii,14.0,37.0,60.0
./res_dicom2nifti/202/1.2.826.0.1.3680043.8.498.42249537407261824604269236676513482028/1.2.826.0.1.3680043.8.498.96517751364358785979781248646431855109.nii,23.0,37.0,51.0
./res_dicom2nifti/203/1.2.826.0.1.3680043.8.498.72565540606378289909690272749904331899/1.2.826.0.1.3680043.8.498.59670064644446921012110690663263704996.nii,42.0,55.0,68.0
./res_dicom2nifti/204/1.2.826.0.1.3680043.8.498.11099498394070989721335967144117848300/1.2.826.0.1.3680043.8.498.10714785751577213108047430767554894133.nii,34.0,54.0,74.0
./res_dicom2nifti/205/1.2.826.0.1.3680043.8.498.52445567415306273805931759073122325830/1.2.826.0.1.3680043.8.498.98832584961283845917835789434959600621.nii,43.0,55.0,66.0
./res_dicom2nifti/206/1.2.826.0.1.3680043.8.498.11072099081393918845716823888759266604/1.2.826.0.1.3680043.8.498.49051485579816379093540571640891513896.nii,-8.0,24.0,57.0
./res_dicom2nifti/207/1.2.826.0.1.3680043.8.498.26420327898823385032359935645984889823/1.2.826.0.1.3680043.8.498.77029347858564926246668468631173081927.nii,24.0,38.0,52.0
./res_dicom2nifti/208/1.2.826.0.1.3680043.8.498.74864146956913241169517172310937318378/1.2.826.0.1.3680043.8.498.70652259117337477687760174366200103727.nii,29.0,44.0,58.0
./res_dicom2nifti/209/1.2.826.0.1.3680043.8.498.30638886233948131020807218486830389263/1.2.826.0.1.3680043.8.498.11715392063517354348130327781861427057.nii,43.0,59.0,74.0
./res_dicom2nifti/21/1.2.826.0.1.3680043.8.498.10504067126774133133317472248945751649/1.2.826.0.1.3680043.8.498.89335688623016231988873694566293555945.nii,27.0,38.0,50.0
./res_dicom2nifti/210/1.2.826.0.1.3680043.8.498.60885791891333757149953283028298397935/1.2.826.0.1.3680043.8.498.88218236094965861224646778610409375723.nii,-4.0,9.0,22.0
./res_dicom2nifti/211/1.2.826.0.1.3680043.8.498.30944492026871336390303240355519986936/1.2.826.0.1.3680043.8.498.12392147279572780818014359530631598722.nii,17.0,36.0,54.0
./res_dicom2nifti/212/1.2.826.0.1.3680043.8.498.12885718713913581029315280102579862882/1.2.826.0.1.3680043.8.498.13345564753948436985386402194608203871.nii,39.0,49.0,58.0
./res_dicom2nifti/212/1.2.826.0.1.3680043.8.498.12885718713913581029315280102579862882/1.2.826.0.1.3680043.8.498.10905156611504778791974962893936557479.nii,33.0,49.0,64.0
./res_dicom2nifti/214/1.2.826.0.1.3680043.8.498.39722559639431753478189239008722794094/1.2.826.0.1.3680043.8.498.94328392589303470227936591196832037952.nii,35.0,53.0,70.0
./res_dicom2nifti/215/1.2.826.0.1.3680043.8.498.39917447272689220549826737038127221542/1.2.826.0.1.3680043.8.498.11479304186878290633861290422373464663.nii,40.0,54.0,67.0
./res_dicom2nifti/217/1.2.826.0.1.3680043.8.498.67782683660740658305966405955790297342/1.2.826.0.1.3680043.8.498.20537649459976106940776440112243694658.nii,36.0,57.0,79.0
./res_dicom2nifti/218/1.2.826.0.1.3680043.8.498.39543316274649282125705827739380277866/1.2.826.0.1.3680043.8.498.12132143293841728802046647853231250830.nii,9.0,20.0,31.0
./res_dicom2nifti/218/1.2.826.0.1.3680043.8.498.39543316274649282125705827739380277866/1.2.826.0.1.3680043.8.498.12303332148169897872715176075608695525.nii,2.0,20.0,38.0
./res_dicom2nifti/219/1.2.826.0.1.3680043.8.498.38488234102745215542986784325641255704/1.2.826.0.1.3680043.8.498.77060272459984111461983661088381471677.nii,40.0,60.0,79.0
./res_dicom2nifti/219/1.2.826.0.1.3680043.8.498.38488234102745215542986784325641255704/1.2.826.0.1.3680043.8.498.86880453212077051567046218924097128376.nii,46.0,59.0,71.0
./res_dicom2nifti/22/1.2.826.0.1.3680043.8.498.56481502859484467768244220763054930755/1.2.826.0.1.3680043.8.498.89096401329195612789975179821550286928.nii,29.0,44.0,59.0
./res_dicom2nifti/220/1.2.826.0.1.3680043.8.498.70460814449622368689936462731257786210/1.2.826.0.1.3680043.8.498.14305851709115550895395071835916758533.nii,17.0,36.0,54.0
./res_dicom2nifti/221/1.2.826.0.1.3680043.8.498.88134007299567384916132932644429176282/1.2.826.0.1.3680043.8.498.10905169385094731631358097616018570756.nii,46.0,57.0,66.0
./res_dicom2nifti/222/1.2.826.0.1.3680043.8.498.39456526923279788253835384341240722762/1.2.826.0.1.3680043.8.498.11825496953942561235298186086158608760.nii,21.0,35.0,50.0
./res_dicom2nifti/222/1.2.826.0.1.3680043.8.498.39456526923279788253835384341240722762/1.2.826.0.1.3680043.8.498.26254248985831678194782091118982798696.nii,11.0,35.0,59.0
./res_dicom2nifti/223/1.2.826.0.1.3680043.8.498.82854636118001745610629829214199029322/1.2.826.0.1.3680043.8.498.11552788235305447587504120138258758459.nii,25.0,47.0,69.0
./res_dicom2nifti/223/1.2.826.0.1.3680043.8.498.82854636118001745610629829214199029322/1.2.826.0.1.3680043.8.498.20108583361399742537759439788546483427.nii,33.0,47.0,60.0
./res_dicom2nifti/224/1.2.826.0.1.3680043.8.498.45337134381924934521441075674080876708/1.2.826.0.1.3680043.8.498.88234846210884901736336583305518242409.nii,34.0,53.0,73.0
./res_dicom2nifti/225/1.2.826.0.1.3680043.8.498.94185230199899609295217091831225482773/1.2.826.0.1.3680043.8.498.10803007496223001186652494761883734448.nii,6.0,24.0,43.0
./res_dicom2nifti/226/1.2.826.0.1.3680043.8.498.50579530566217005966513776812375275704/1.2.826.0.1.3680043.8.498.42758333172960876903669329175023574262.nii,47.0,58.0,69.0
./res_dicom2nifti/226/1.2.826.0.1.3680043.8.498.50579530566217005966513776812375275704/1.2.826.0.1.3680043.8.498.85195883727795290097309846455290360668.nii,40.0,58.0,76.0
./res_dicom2nifti/227/1.2.826.0.1.3680043.8.498.22283964251059738669661953559409833495/1.2.826.0.1.3680043.8.498.90863994363499178298466749610479392946.nii,10.0,25.0,40.0
./res_dicom2nifti/228/1.2.826.0.1.3680043.8.498.11740148785851072462099495238239418817/1.2.826.0.1.3680043.8.498.32287060780198166289391342429676828657.nii,9.0,27.0,44.0
./res_dicom2nifti/229/1.2.826.0.1.3680043.8.498.11981509531613063159978362216323032261/1.2.826.0.1.3680043.8.498.74666636467798005525481551025196788738.nii,35.0,47.0,58.0
./res_dicom2nifti/23/1.2.826.0.1.3680043.8.498.47707306154206373307706171354911330650/1.2.826.0.1.3680043.8.498.19943288906714271531135669064480603597.nii,17.0,29.0,41.0
./res_dicom2nifti/230/1.2.826.0.1.3680043.8.498.61284709019139281882763539794449191064/1.2.826.0.1.3680043.8.498.86888475633392874899522251777297890577.nii,38.0,58.0,78.0
./res_dicom2nifti/231/1.2.826.0.1.3680043.8.498.83042494211567880800147013673507224324/1.2.826.0.1.3680043.8.498.76266570835969426770904252924942641401.nii,37.0,49.0,61.0
./res_dicom2nifti/232/1.2.826.0.1.3680043.8.498.12481221763881271688836355288740932474/1.2.826.0.1.3680043.8.498.12703337473560868018539595335633808423.nii,40.0,48.0,56.0
./res_dicom2nifti/233/1.2.826.0.1.3680043.8.498.10469545229072593304695602019160150212/1.2.826.0.1.3680043.8.498.11621328927956869850123018251644805144.nii,10.0,31.0,51.0
./res_dicom2nifti/234/1.2.826.0.1.3680043.8.498.11742878084452201205709113020449879687/1.2.826.0.1.3680043.8.498.52010577303176667142170025100403794275.nii,41.0,57.0,72.0
./res_dicom2nifti/235/1.2.826.0.1.3680043.8.498.79432331710318818293541187195525412487/1.2.826.0.1.3680043.8.498.15971903132146184804209873338198782586.nii,16.0,38.0,60.0
./res_dicom2nifti/236/1.2.826.0.1.3680043.8.498.20763661935232357971770053851337571346/1.2.826.0.1.3680043.8.498.74320200945912389256022514437703977676.nii,27.0,54.0,80.0
./res_dicom2nifti/236/1.2.826.0.1.3680043.8.498.20763661935232357971770053851337571346/1.2.826.0.1.3680043.8.498.11482296305726356927591475441103020038.nii,38.0,53.0,69.0
./res_dicom2nifti/236/1.2.826.0.1.3680043.8.498.20763661935232357971770053851337571346/1.2.826.0.1.3680043.8.498.10148301306438826230276965368897926960.nii,30.0,53.0,76.0
./res_dicom2nifti/237/1.2.826.0.1.3680043.8.498.10811694841417210957218487527199770242/1.2.826.0.1.3680043.8.498.11770456174451549192586500756918655017.nii,11.0,20.0,28.0
./res_dicom2nifti/238/1.2.826.0.1.3680043.8.498.67602611446149480667738428370654287395/1.2.826.0.1.3680043.8.498.13533483153505894637594886013539255543.nii,51.0,63.0,74.0
./res_dicom2nifti/239/1.2.826.0.1.3680043.8.498.61128324727345055945341693995859631035/1.2.826.0.1.3680043.8.498.52766563799479690383221660233318058874.nii,39.0,51.0,63.0
./res_dicom2nifti/24/1.2.826.0.1.3680043.8.498.12460233911440032338310567754897774866/1.2.826.0.1.3680043.8.498.90479291387107127845118845943326563747.nii,37.0,46.0,55.0
./res_dicom2nifti/240/1.2.826.0.1.3680043.8.498.46815572008915361854859389452144194700/1.2.826.0.1.3680043.8.498.69430906252768692696469406942731779776.nii,-31.0,19.0,69.0
./res_dicom2nifti/241/1.2.826.0.1.3680043.8.498.35028040042863286273373281486638996546/1.2.826.0.1.3680043.8.498.71080454616784779941246546140631308215.nii,38.0,49.0,59.0
./res_dicom2nifti/241/1.2.826.0.1.3680043.8.498.35028040042863286273373281486638996546/1.2.826.0.1.3680043.8.498.61488944130524526471836264265804681222.nii,33.0,49.0,66.0
./res_dicom2nifti/242/1.2.826.0.1.3680043.8.498.28006573349344345775231137276130463029/1.2.826.0.1.3680043.8.498.22384754517058873748512145635078293745.nii,30.0,46.0,62.0
./res_dicom2nifti/243/1.2.826.0.1.3680043.8.498.10646830272382609033521312078855489678/1.2.826.0.1.3680043.8.498.57352745774876803388524173458477460073.nii,8.0,27.0,46.0
./res_dicom2nifti/243/1.2.826.0.1.3680043.8.498.10646830272382609033521312078855489678/1.2.826.0.1.3680043.8.498.97159819549695424207902176822771446366.nii,14.0,26.0,38.0
./res_dicom2nifti/244/1.2.826.0.1.3680043.8.498.51852147204894211929486134275755463211/1.2.826.0.1.3680043.8.498.82318164594807929699637735481670902840.nii,42.0,58.0,74.0
./res_dicom2nifti/245/1.2.826.0.1.3680043.8.498.47033805077631539154233374826934664742/1.2.826.0.1.3680043.8.498.36982861796328266237760506507855385188.nii,13.0,29.0,44.0
./res_dicom2nifti/246/1.2.826.0.1.3680043.8.498.81186518772219666400787867124500598529/1.2.826.0.1.3680043.8.498.60538305983852124767882342833792779247.nii,8.0,23.0,38.0
./res_dicom2nifti/247/1.2.826.0.1.3680043.8.498.11841599976525298259086585714381998331/1.2.826.0.1.3680043.8.498.17257526824402207531195893298493860969.nii,29.0,40.0,51.0
./res_dicom2nifti/248/1.2.826.0.1.3680043.8.498.10516663651984784546685362645600618139/1.2.826.0.1.3680043.8.498.11164669126513069626690455049577567129.nii,37.0,53.0,68.0
./res_dicom2nifti/249/1.2.826.0.1.3680043.8.498.30792198599264576613105633737500513142/1.2.826.0.1.3680043.8.498.40849449734491413337847132210015557121.nii,27.0,46.0,65.0
./res_dicom2nifti/25/1.2.826.0.1.3680043.8.498.72804705541837744386905259139257763788/1.2.826.0.1.3680043.8.498.16450392003184213700062372601300334472.nii,29.0,41.0,53.0
./res_dicom2nifti/25/1.2.826.0.1.3680043.8.498.72804705541837744386905259139257763788/1.2.826.0.1.3680043.8.498.53765463234114523342315751424238323124.nii,23.0,41.0,60.0
./res_dicom2nifti/250/1.2.826.0.1.3680043.8.498.13548077642551046246896728481528742370/1.2.826.0.1.3680043.8.498.12673456864012467844111567025347764340.nii,29.0,44.0,59.0
./res_dicom2nifti/251/1.2.826.0.1.3680043.8.498.61971643088588019249617548822803782757/1.2.826.0.1.3680043.8.498.22756543716635535174384095424366829883.nii,3.0,22.0,41.0
./res_dicom2nifti/252/1.2.826.0.1.3680043.8.498.89907531584776788958335612532802034586/1.2.826.0.1.3680043.8.498.12611778820483670665436554331962786780.nii,28.0,41.0,53.0
./res_dicom2nifti/252/1.2.826.0.1.3680043.8.498.89907531584776788958335612532802034586/1.2.826.0.1.3680043.8.498.25790224602281360509697885058987253381.nii,20.0,41.0,62.0
./res_dicom2nifti/254/1.2.826.0.1.3680043.8.498.89871165578383076624047108481847446154/1.2.826.0.1.3680043.8.498.81492915944703263965922238413156716128.nii,9.0,28.0,48.0
./res_dicom2nifti/255/1.2.826.0.1.3680043.8.498.11609616373879142085682437922123650226/1.2.826.0.1.3680043.8.498.10366309262210371202320945047817061682.nii,41.0,53.0,64.0
./res_dicom2nifti/256/1.2.826.0.1.3680043.8.498.10834335128712929342180770766555718017/1.2.826.0.1.3680043.8.498.96909373697418322132693983444805944516.nii,40.0,48.0,57.0
./res_dicom2nifti/256/1.2.826.0.1.3680043.8.498.10834335128712929342180770766555718017/1.2.826.0.1.3680043.8.498.37601001435753056851102228743106146591.nii,34.0,48.0,62.0
./res_dicom2nifti/257/1.2.826.0.1.3680043.8.498.38186801005228183703910294856556680594/1.2.826.0.1.3680043.8.498.40942520754754814985287352661504915365.nii,12.0,24.0,37.0
./res_dicom2nifti/258/1.2.826.0.1.3680043.8.498.16507735272121311081842791298174167265/1.2.826.0.1.3680043.8.498.83316845528425549821689572814252756866.nii,43.0,56.0,70.0
./res_dicom2nifti/259/1.2.826.0.1.3680043.8.498.13190165593194342796720354227459962595/1.2.826.0.1.3680043.8.498.30070929909941666235968719250278959004.nii,36.0,54.0,72.0
./res_dicom2nifti/26/1.2.826.0.1.3680043.8.498.68054659433655455428068075773498655034/1.2.826.0.1.3680043.8.498.12705608609988448562544447925287072354.nii,54.0,68.0,81.0
./res_dicom2nifti/260/1.2.826.0.1.3680043.8.498.61700023738105149975809136936420432454/1.2.826.0.1.3680043.8.498.10575715691531685766229431602912495850.nii,25.0,36.0,47.0
./res_dicom2nifti/260/1.2.826.0.1.3680043.8.498.61700023738105149975809136936420432454/1.2.826.0.1.3680043.8.498.12724497040738069336609024469984146472.nii,18.0,36.0,54.0
./res_dicom2nifti/260/1.2.826.0.1.3680043.8.498.81507658377878971954158454749608749393/1.2.826.0.1.3680043.8.498.44369290542114857262665598195384775829.nii,19.0,32.0,45.0
./res_dicom2nifti/261/1.2.826.0.1.3680043.8.498.11180887452409675966879046687953608622/1.2.826.0.1.3680043.8.498.10712624349296405485989610297328655366.nii,36.0,44.0,52.0
./res_dicom2nifti/262/1.2.826.0.1.3680043.8.498.94711731489156749509208306286185378024/1.2.826.0.1.3680043.8.498.45117578720331267733627183998267131999.nii,18.0,38.0,58.0
./res_dicom2nifti/262/1.2.826.0.1.3680043.8.498.94711731489156749509208306286185378024/1.2.826.0.1.3680043.8.498.58353056436793404980793524465874748371.nii,25.0,38.0,50.0
./res_dicom2nifti/264/1.2.826.0.1.3680043.8.498.13339488515272213877294850207593209501/1.2.826.0.1.3680043.8.498.79001855116237730355309997698874534566.nii,49.0,59.0,68.0
./res_dicom2nifti/265/1.2.826.0.1.3680043.8.498.36962740576567457267934054601584941241/1.2.826.0.1.3680043.8.498.39345527970158502276893855934205732832.nii,27.0,38.0,50.0
./res_dicom2nifti/265/1.2.826.0.1.3680043.8.498.92957028596599519942732946877822642706/1.2.826.0.1.3680043.8.498.89813941941725526126083856927744935866.nii,35.0,47.0,58.0
./res_dicom2nifti/266/1.2.826.0.1.3680043.8.498.13145441276485466490290409134754176088/1.2.826.0.1.3680043.8.498.21731519414872749885748812425830739508.nii,35.0,45.0,54.0
./res_dicom2nifti/267/1.2.826.0.1.3680043.8.498.13962182898312060089473795303133444040/1.2.826.0.1.3680043.8.498.34521723898175086955318860940338416582.nii,36.0,55.0,72.0
./res_dicom2nifti/267/1.2.826.0.1.3680043.8.498.13962182898312060089473795303133444040/1.2.826.0.1.3680043.8.498.12464773359857724455206645776328732107.nii,39.0,54.0,68.0
./res_dicom2nifti/268/1.2.826.0.1.3680043.8.498.17698885160480662354399390718275374446/1.2.826.0.1.3680043.8.498.21524656155035970667444655863222573142.nii,44.0,62.0,79.0
./res_dicom2nifti/268/1.2.826.0.1.3680043.8.498.17698885160480662354399390718275374446/1.2.826.0.1.3680043.8.498.65036308465264009116226565026884939190.nii,51.0,62.0,72.0
./res_dicom2nifti/269/1.2.826.0.1.3680043.8.498.15200775179591543054426504067848065224/1.2.826.0.1.3680043.8.498.70559516691255608818886327360523361614.nii,54.0,62.0,70.0
./res_dicom2nifti/27/1.2.826.0.1.3680043.8.498.63479409038529791763995134814029244398/1.2.826.0.1.3680043.8.498.51107999171835194551559144392223189167.nii,-6.0,20.0,47.0
./res_dicom2nifti/270/1.2.826.0.1.3680043.8.498.92806864332615430887108486318105330712/1.2.826.0.1.3680043.8.498.11890043836177263651681056466055732112.nii,25.0,35.0,45.0
./res_dicom2nifti/270/1.2.826.0.1.3680043.8.498.92806864332615430887108486318105330712/1.2.826.0.1.3680043.8.498.93443683056583760607219568270273021327.nii,19.0,35.0,51.0
./res_dicom2nifti/28/1.2.826.0.1.3680043.8.498.13049877969670222134978250252632950036/1.2.826.0.1.3680043.8.498.55189483214952940645163684510766569696.nii,18.0,28.0,37.0
./res_dicom2nifti/29/1.2.826.0.1.3680043.8.498.11507972750532456647059794327687831320/1.2.826.0.1.3680043.8.498.18049646297042919270881226827248858581.nii,43.0,59.0,73.0
./res_dicom2nifti/3/1.2.826.0.1.3680043.8.498.67910990304889234794754091501513946542/1.2.826.0.1.3680043.8.498.80930780181232224004933999742028686719.nii,3.0,20.0,37.0
./res_dicom2nifti/30/1.2.826.0.1.3680043.8.498.45293947221664336993736808614719246148/1.2.826.0.1.3680043.8.498.56275626604655275192234444040641032248.nii,38.0,53.0,68.0
./res_dicom2nifti/31/1.2.826.0.1.3680043.8.498.36716642715558646687061436566986359330/1.2.826.0.1.3680043.8.498.61938435081362409717259991208149205030.nii,25.0,40.0,54.0
./res_dicom2nifti/32/1.2.826.0.1.3680043.8.498.10750011764701866244996625415641245324/1.2.826.0.1.3680043.8.498.12271791880011146086855345359486258878.nii,40.0,58.0,75.0
./res_dicom2nifti/33/1.2.826.0.1.3680043.8.498.13164050192685964284804028596376369244/1.2.826.0.1.3680043.8.498.13299159218546260620761813463500764521.nii,40.0,56.0,73.0
./res_dicom2nifti/34/1.2.826.0.1.3680043.8.498.38471391476318345467372565924124709037/1.2.826.0.1.3680043.8.498.12472808258634790946014945339915789190.nii,25.0,38.0,50.0
./res_dicom2nifti/35/1.2.826.0.1.3680043.8.498.24525738592660638511584316556598840104/1.2.826.0.1.3680043.8.498.32025864144851738456457619726916277737.nii,46.0,59.0,71.0
./res_dicom2nifti/36/1.2.826.0.1.3680043.8.498.30556731267115379729127848840641908852/1.2.826.0.1.3680043.8.498.90904278912869806252230986677898926781.nii,40.0,50.0,60.0
./res_dicom2nifti/36/1.2.826.0.1.3680043.8.498.30556731267115379729127848840641908852/1.2.826.0.1.3680043.8.498.45051965510681635856689552224710411221.nii,31.0,50.0,69.0
./res_dicom2nifti/37/1.2.826.0.1.3680043.8.498.86131450134493061019249608645341529224/1.2.826.0.1.3680043.8.498.14471558791276478372436930401897129583.nii,22.0,41.0,60.0
./res_dicom2nifti/37/1.2.826.0.1.3680043.8.498.86131450134493061019249608645341529224/1.2.826.0.1.3680043.8.498.12089623687491887240022387050593278410.nii,29.0,41.0,52.0
./res_dicom2nifti/38/1.2.826.0.1.3680043.8.498.71355041482946044416711008386409643335/1.2.826.0.1.3680043.8.498.79626908488796310437651039754395585239.nii,20.0,41.0,61.0
./res_dicom2nifti/39/1.2.826.0.1.3680043.8.498.56421000613713685805069320626654732958/1.2.826.0.1.3680043.8.498.51842562285695427124108553329492474880.nii,36.0,51.0,65.0
./res_dicom2nifti/4/1.2.826.0.1.3680043.8.498.55634320838993247342787879576792450653/1.2.826.0.1.3680043.8.498.12857057072401433051460521699702267989.nii,3.0,30.0,56.0
./res_dicom2nifti/40/1.2.826.0.1.3680043.8.498.80104935931080897785539411309435724569/1.2.826.0.1.3680043.8.498.11671521248808998110306049023432564745.nii,13.0,26.0,39.0
./res_dicom2nifti/41/1.2.826.0.1.3680043.8.498.10244991420019119637340603365524674537/1.2.826.0.1.3680043.8.498.54654367537920168426162747113015833139.nii,11.0,29.0,47.0
./res_dicom2nifti/42/1.2.826.0.1.3680043.8.498.11202764354118711947083047965678190811/1.2.826.0.1.3680043.8.498.10555131691893599981788508345209585971.nii,-48.0,-29.0,-11.0
./res_dicom2nifti/43/1.2.826.0.1.3680043.8.498.78887752710459921958759827325369294343/1.2.826.0.1.3680043.8.498.70491384574565115031742831958535295527.nii,47.0,62.0,75.0
./res_dicom2nifti/44/1.2.826.0.1.3680043.8.498.17400962237863473834499142220815548619/1.2.826.0.1.3680043.8.498.47106487481673387963569503436667370847.nii,49.0,59.0,69.0
./res_dicom2nifti/44/1.2.826.0.1.3680043.8.498.17400962237863473834499142220815548619/1.2.826.0.1.3680043.8.498.62112583757361902519972316062078500643.nii,43.0,59.0,75.0
./res_dicom2nifti/45/1.2.826.0.1.3680043.8.498.30069378212360111240222344271859842821/1.2.826.0.1.3680043.8.498.25973022750303410159706581457567489507.nii,26.0,34.0,43.0
./res_dicom2nifti/46/1.2.826.0.1.3680043.8.498.90823424934806925861405580050993804248/1.2.826.0.1.3680043.8.498.10414213844384125222924119935889241782.nii,30.0,47.0,65.0
./res_dicom2nifti/47/1.2.826.0.1.3680043.8.498.12682186867426828709942692780081139314/1.2.826.0.1.3680043.8.498.83532992868766480210087930058918341003.nii,26.0,41.0,57.0
./res_dicom2nifti/48/1.2.826.0.1.3680043.8.498.78005250022922147839122780720364128877/1.2.826.0.1.3680043.8.498.21856035072348003489847302464304961497.nii,41.0,53.0,63.0
./res_dicom2nifti/48/1.2.826.0.1.3680043.8.498.78005250022922147839122780720364128877/1.2.826.0.1.3680043.8.498.37601722125274200045858530935351278300.nii,35.0,53.0,70.0
./res_dicom2nifti/49/1.2.826.0.1.3680043.8.498.11757247216999765658308269559238618719/1.2.826.0.1.3680043.8.498.10090418975609168439234360094286203249.nii,37.0,49.0,60.0
./res_dicom2nifti/5/1.2.826.0.1.3680043.8.498.35311429840816651093237891336035825514/1.2.826.0.1.3680043.8.498.46365234807203212622701858391543954690.nii,7.0,23.0,38.0
./res_dicom2nifti/50/1.2.826.0.1.3680043.8.498.28672442423490290092742709044491382340/1.2.826.0.1.3680043.8.498.10789379997887955871962959817904128540.nii,32.0,46.0,59.0
./res_dicom2nifti/51/1.2.826.0.1.3680043.8.498.13293754598765733532082564087989418433/1.2.826.0.1.3680043.8.498.11146798311078258880583502404047291896.nii,-10.0,11.0,31.0
./res_dicom2nifti/52/1.2.826.0.1.3680043.8.498.10193923132608144071285525728297727851/1.2.826.0.1.3680043.8.498.64907185800784059674129849528370146697.nii,10.0,23.0,36.0
./res_dicom2nifti/52/1.2.826.0.1.3680043.8.498.10193923132608144071285525728297727851/1.2.826.0.1.3680043.8.498.46293624980674892748201052589500077827.nii,2.0,23.0,43.0
./res_dicom2nifti/53/1.2.826.0.1.3680043.8.498.89190897594116404263107278228394519760/1.2.826.0.1.3680043.8.498.93232467033312781065752203417449155167.nii,27.0,42.0,56.0
./res_dicom2nifti/54/1.2.826.0.1.3680043.8.498.32530051792170369341588383484901720516/1.2.826.0.1.3680043.8.498.93938501688620655932319339217195279565.nii,36.0,52.0,68.0
./res_dicom2nifti/55/1.2.826.0.1.3680043.8.498.10941408871396524213617035056748236575/1.2.826.0.1.3680043.8.498.10126395441293223852323092403020167596.nii,17.0,32.0,47.0
./res_dicom2nifti/56/1.2.826.0.1.3680043.8.498.89528464794303297168680079532312067253/1.2.826.0.1.3680043.8.498.43395439589064709480865509723158393225.nii,0.0,17.0,34.0
./res_dicom2nifti/57/1.2.826.0.1.3680043.8.498.12681765095821791252139536787001741300/1.2.826.0.1.3680043.8.498.62749254813814966660094494383337811722.nii,1.0,21.0,41.0
./res_dicom2nifti/58/1.2.826.0.1.3680043.8.498.29417345946862898521029525775461204397/1.2.826.0.1.3680043.8.498.13314811672127271697796818008946465637.nii,20.0,41.0,61.0
./res_dicom2nifti/59/1.2.826.0.1.3680043.8.498.48143155838172092051411412362779018308/1.2.826.0.1.3680043.8.498.68401255870298913181618703134295137399.nii,1.0,15.0,30.0
./res_dicom2nifti/59/1.2.826.0.1.3680043.8.498.48143155838172092051411412362779018308/1.2.826.0.1.3680043.8.498.10563860881248368800006651765927574462.nii,5.0,15.0,26.0
./res_dicom2nifti/6/1.2.826.0.1.3680043.8.498.96770152703623443800901486138527828837/1.2.826.0.1.3680043.8.498.47138363282824867416555373186859837056.nii,3.0,22.0,41.0
./res_dicom2nifti/6/1.2.826.0.1.3680043.8.498.96770152703623443800901486138527828837/1.2.826.0.1.3680043.8.498.62936922154322974298059413866663358841.nii,9.0,21.0,33.0
./res_dicom2nifti/60/1.2.826.0.1.3680043.8.498.68047274590630060098316964464277234025/1.2.826.0.1.3680043.8.498.11272048733976936661110422289682562295.nii,38.0,47.0,56.0
./res_dicom2nifti/61/1.2.826.0.1.3680043.8.498.45110163201604990328057422630801811921/1.2.826.0.1.3680043.8.498.52041175812847058401994184360845273684.nii,26.0,42.0,58.0
./res_dicom2nifti/62/1.2.826.0.1.3680043.8.498.71244423029758754159060145402015963683/1.2.826.0.1.3680043.8.498.10631460026558090433070222465268682778.nii,54.0,63.0,71.0
./res_dicom2nifti/63/1.2.826.0.1.3680043.8.498.10040214062591747567107727787630978405/1.2.826.0.1.3680043.8.498.87504657373136240342054851065446631043.nii,10.0,26.0,42.0
./res_dicom2nifti/64/1.2.826.0.1.3680043.8.498.10922822026556438576920856467117638802/1.2.826.0.1.3680043.8.498.30422686641810357293008911616026593458.nii,14.0,32.0,50.0
./res_dicom2nifti/64/1.2.826.0.1.3680043.8.498.10922822026556438576920856467117638802/1.2.826.0.1.3680043.8.498.38921738978761802131505008853527465612.nii,20.0,32.0,43.0
./res_dicom2nifti/65/1.2.826.0.1.3680043.8.498.12523266281289716422439504626034628878/1.2.826.0.1.3680043.8.498.10830764320276353702829186027422463937.nii,30.0,40.0,51.0
./res_dicom2nifti/65/1.2.826.0.1.3680043.8.498.12523266281289716422439504626034628878/1.2.826.0.1.3680043.8.498.99456433378717168894765109442106120185.nii,23.0,41.0,58.0
./res_dicom2nifti/65/1.2.826.0.1.3680043.8.498.28563894550340333452354231692023388506/1.2.826.0.1.3680043.8.498.22325324277803213201424826845374796003.nii,34.0,44.0,54.0
./res_dicom2nifti/65/1.2.826.0.1.3680043.8.498.55514032051281374118824207634308750369/1.2.826.0.1.3680043.8.498.12265937552538660288496085680203517254.nii,40.0,49.0,58.0
./res_dicom2nifti/65/1.2.826.0.1.3680043.8.498.55514032051281374118824207634308750369/1.2.826.0.1.3680043.8.498.12005477155347963254156064896879216242.nii,35.0,49.0,63.0
./res_dicom2nifti/66/1.2.826.0.1.3680043.8.498.27434573139436754880467858827701377222/1.2.826.0.1.3680043.8.498.12959552480406494406140001307414570477.nii,33.0,50.0,66.0
./res_dicom2nifti/67/1.2.826.0.1.3680043.8.498.33946876179426401399347256746388429689/1.2.826.0.1.3680043.8.498.12941620396796333880249615290031180671.nii,27.0,38.0,49.0
./res_dicom2nifti/68/1.2.826.0.1.3680043.8.498.35108657748274985245792295588846887918/1.2.826.0.1.3680043.8.498.28937338128755381835302601491430450132.nii,2.0,20.0,38.0
./res_dicom2nifti/69/1.2.826.0.1.3680043.8.498.11444605628309227810642476389302269329/1.2.826.0.1.3680043.8.498.74707131826501125500014967314782412132.nii,44.0,55.0,65.0
./res_dicom2nifti/7/1.2.826.0.1.3680043.8.498.92561492744848745415218515325428412461/1.2.826.0.1.3680043.8.498.42157691684097245021275513907546196788.nii,46.0,55.0,63.0
./res_dicom2nifti/7/1.2.826.0.1.3680043.8.498.92561492744848745415218515325428412461/1.2.826.0.1.3680043.8.498.13402560764035164755255899587734776159.nii,41.0,55.0,69.0
./res_dicom2nifti/70/1.2.826.0.1.3680043.8.498.50099072266059414097623779623458165507/1.2.826.0.1.3680043.8.498.57528255198478216761703222391198465743.nii,45.0,55.0,64.0
./res_dicom2nifti/70/1.2.826.0.1.3680043.8.498.50099072266059414097623779623458165507/1.2.826.0.1.3680043.8.498.12085100449950657629799852643924188700.nii,40.0,55.0,70.0
./res_dicom2nifti/71/1.2.826.0.1.3680043.8.498.20810222461150478189849536717407185564/1.2.826.0.1.3680043.8.498.67493546490648474721219359897386200529.nii,-7.0,4.0,15.0
./res_dicom2nifti/71/1.2.826.0.1.3680043.8.498.20810222461150478189849536717407185564/1.2.826.0.1.3680043.8.498.63305673785872958861429832204102993629.nii,-3.0,4.0,11.0
./res_dicom2nifti/72/1.2.826.0.1.3680043.8.498.79656966303662680251564082584360714321/1.2.826.0.1.3680043.8.498.12429626794161228086266959187057491046.nii,9.0,19.0,29.0
./res_dicom2nifti/73/1.2.826.0.1.3680043.8.498.32123513527276982801556149299703233106/1.2.826.0.1.3680043.8.498.97352251117813049176313066894512389020.nii,35.0,50.0,65.0
./res_dicom2nifti/74/1.2.826.0.1.3680043.8.498.10987657604502570275662874136418351010/1.2.826.0.1.3680043.8.498.83865740049957835261418723472679243189.nii,18.0,28.0,37.0
./res_dicom2nifti/74/1.2.826.0.1.3680043.8.498.10987657604502570275662874136418351010/1.2.826.0.1.3680043.8.498.75040795791484811720947620300544330056.nii,13.0,28.0,43.0
./res_dicom2nifti/74/1.2.826.0.1.3680043.8.498.13136522129636498560542473314248585091/1.2.826.0.1.3680043.8.498.99567882303198792868003984742191933140.nii,17.0,29.0,41.0
./res_dicom2nifti/75/1.2.826.0.1.3680043.8.498.12041408738458776536528214712303672697/1.2.826.0.1.3680043.8.498.11214817200961600267061765893398732392.nii,28.0,43.0,59.0
./res_dicom2nifti/75/1.2.826.0.1.3680043.8.498.33001612027936693054129346977840574515/1.2.826.0.1.3680043.8.498.55724662969082697446631026423591493092.nii,27.0,45.0,64.0
./res_dicom2nifti/75/1.2.826.0.1.3680043.8.498.48863372537542246132549816516273647635/1.2.826.0.1.3680043.8.498.48667554817598768317499660503489998557.nii,29.0,48.0,68.0
./res_dicom2nifti/76/1.2.826.0.1.3680043.8.498.96019731298162280605483439716206517375/1.2.826.0.1.3680043.8.498.82220197493068028438309812520166672781.nii,-1.0,19.0,39.0
./res_dicom2nifti/77/1.2.826.0.1.3680043.8.498.39934146654611557385601591104813866663/1.2.826.0.1.3680043.8.498.93535004638337585424342142455944603052.nii,15.0,25.0,34.0
./res_dicom2nifti/77/1.2.826.0.1.3680043.8.498.39934146654611557385601591104813866663/1.2.826.0.1.3680043.8.498.70765346163125500884109834484428271493.nii,9.0,25.0,40.0
./res_dicom2nifti/78/1.2.826.0.1.3680043.8.498.78585370588687879000568043880172472503/1.2.826.0.1.3680043.8.498.46104384594275001508919975850356674068.nii,40.0,57.0,74.0
./res_dicom2nifti/79/1.2.826.0.1.3680043.8.498.92661767765561546101079161178805263468/1.2.826.0.1.3680043.8.498.58278078212215200183049802648390871219.nii,13.0,28.0,42.0
./res_dicom2nifti/79/1.2.826.0.1.3680043.8.498.92661767765561546101079161178805263468/1.2.826.0.1.3680043.8.498.79284234820471655200160109435702867838.nii,-4.0,28.0,59.0
./res_dicom2nifti/8/1.2.826.0.1.3680043.8.498.55395637708212394044083773360722167421/1.2.826.0.1.3680043.8.498.42435124694628977221560324080148026000.nii,17.0,30.0,43.0
./res_dicom2nifti/80/1.2.826.0.1.3680043.8.498.22704304194143949758445033612471557654/1.2.826.0.1.3680043.8.498.10735868024590498487905861522828274169.nii,30.0,54.0,79.0
./res_dicom2nifti/81/1.2.826.0.1.3680043.8.498.83644514793986879590156493887235195507/1.2.826.0.1.3680043.8.498.13335212437703232592761246589195808425.nii,-5.0,13.0,32.0
./res_dicom2nifti/82/1.2.826.0.1.3680043.8.498.13116653774372210765485187783367253041/1.2.826.0.1.3680043.8.498.86352296925417433144637543458408160246.nii,47.0,62.0,75.0
./res_dicom2nifti/83/1.2.826.0.1.3680043.8.498.10172762614004317023736375873062970273/1.2.826.0.1.3680043.8.498.75091875126411002187545244326633228344.nii,47.0,62.0,77.0
./res_dicom2nifti/84/1.2.826.0.1.3680043.8.498.39011638424533169392599652781318339198/1.2.826.0.1.3680043.8.498.11514147635329371539406115548101881363.nii,-2.0,7.0,15.25
./res_dicom2nifti/85/1.2.826.0.1.3680043.8.498.28905114471023390059352171371174221596/1.2.826.0.1.3680043.8.498.21822012625737464515760109931475064283.nii,44.0,53.0,63.0
./res_dicom2nifti/86/1.2.826.0.1.3680043.8.498.10040425060006214970375718019293149906/1.2.826.0.1.3680043.8.498.11123742475451118688499545612436089626.nii,33.0,50.0,66.0
./res_dicom2nifti/87/1.2.826.0.1.3680043.8.498.10662609481649791325907771624048312576/1.2.826.0.1.3680043.8.498.48941581867189229200761974928480142902.nii,-29.0,-10.0,11.0
./res_dicom2nifti/88/1.2.826.0.1.3680043.8.498.10043272246598615136961689266405584482/1.2.826.0.1.3680043.8.498.12111108207264335271779815361767027254.nii,13.0,33.0,52.0
./res_dicom2nifti/89/1.2.826.0.1.3680043.8.498.85887382442707637932582011055120939307/1.2.826.0.1.3680043.8.498.94710248983502310200114406205670827416.nii,36.0,45.0,55.0
./res_dicom2nifti/9/1.2.826.0.1.3680043.8.498.13229552334049922029256499922243870422/1.2.826.0.1.3680043.8.498.74108365370404889123206934352116952962.nii,9.0,28.0,47.0
./res_dicom2nifti/90/1.2.826.0.1.3680043.8.498.21753087159982113523813785472137886889/1.2.826.0.1.3680043.8.498.12027719157934268441842741446269429846.nii,31.0,43.0,55.0
./res_dicom2nifti/91/1.2.826.0.1.3680043.8.498.11619796913905666667721094673463747707/1.2.826.0.1.3680043.8.498.12529765927612318224778045651034501069.nii,24.0,43.0,62.0
./res_dicom2nifti/92/1.2.826.0.1.3680043.8.498.14927079454139838376318062776155388302/1.2.826.0.1.3680043.8.498.90906479609244388180556940048038644170.nii,33.0,50.0,66.0
./res_dicom2nifti/93/1.2.826.0.1.3680043.8.498.13327172709063107826326538395411535222/1.2.826.0.1.3680043.8.498.11677052415921229414277121103574634589.nii,33.0,52.0,72.0
./res_dicom2nifti/93/1.2.826.0.1.3680043.8.498.83694410100381589196916569804862678992/1.2.826.0.1.3680043.8.498.11944164757592642727416814600802154313.nii,29.0,46.0,62.0
./res_dicom2nifti/94/1.2.826.0.1.3680043.8.498.70732085655152309976381324715198263919/1.2.826.0.1.3680043.8.498.11886824904111858542077848519493738127.nii,45.0,58.0,70.0
./res_dicom2nifti/94/1.2.826.0.1.3680043.8.498.70732085655152309976381324715198263919/1.2.826.0.1.3680043.8.498.77238313587711908476301157958592260935.nii,38.0,58.0,78.0
./res_dicom2nifti/95/1.2.826.0.1.3680043.8.498.97091417777068586429880608632415382586/1.2.826.0.1.3680043.8.498.77630930506605474149485241435898498453.nii,49.0,59.0,69.0
./res_dicom2nifti/96/1.2.826.0.1.3680043.8.498.10141834863661785254407720340555808948/1.2.826.0.1.3680043.8.498.12828495473005943035701902046156187048.nii,44.0,54.0,63.0
./res_dicom2nifti/97/1.2.826.0.1.3680043.8.498.41024544412422093343602760856125330050/1.2.826.0.1.3680043.8.498.37657157378851413157521455475049278761.nii,18.0,36.0,53.0
./res_dicom2nifti/97/1.2.826.0.1.3680043.8.498.41024544412422093343602760856125330050/1.2.826.0.1.3680043.8.498.21155972711048434712819488020556147302.nii,24.0,36.0,47.0
./res_dicom2nifti/98/1.2.826.0.1.3680043.8.498.13154777997214040859746606078782845347/1.2.826.0.1.3680043.8.498.83557997974683315529078018434198833279.nii,3.0,21.0,38.0
./res_dicom2nifti/99/1.2.826.0.1.3680043.8.498.11747122084645698171388629871835249751/1.2.826.0.1.3680043.8.498.11422804253685102698036529772487622899.nii,51.0,62.0,72.0
