nii,mean,median,mode,median_low,median_high,median_grouped,1,3
./res_dicom2nifti/1/1.2.826.0.1.3680043.8.498.66781181711417502200442935481813368822/1.2.826.0.1.3680043.8.498.42816068413942726282925738946416014672.nii,51.59055175281685,52.0,54.0,52.0,52.0,51.9826155226559,43.0,61.0
./res_dicom2nifti/10/1.2.826.0.1.3680043.8.498.74092675855268121402218905764656210858/1.2.826.0.1.3680043.8.498.58011923490331605614909284511834411229.nii,50.85969253966173,51.0,54.0,51.0,51.0,51.17660702451955,40.0,62.0
./res_dicom2nifti/100/1.2.826.0.1.3680043.8.498.14633259170840905094774007585284494938/1.2.826.0.1.3680043.8.498.12722974421890149532311945401083022843.nii,58.82150625974438,59.0,57.0,59.0,59.0,59.058692893401016,41.0,77.0
./res_dicom2nifti/100/1.2.826.0.1.3680043.8.498.14633259170840905094774007585284494938/1.2.826.0.1.3680043.8.498.81465009939638788818126438256428418011.nii,60.07772973967436,61.0,62.0,61.0,61.0,60.91245679340601,52.0,69.0
./res_dicom2nifti/101/1.2.826.0.1.3680043.8.498.92487922998586900294233106526263326106/1.2.826.0.1.3680043.8.498.62269367583857852943760285801776672434.nii,32.10160623168865,32.0,29.0,32.0,32.0,31.817538044297123,15.0,49.0
./res_dicom2nifti/102/1.2.826.0.1.3680043.8.498.80062628420619977595772805595184677460/1.2.826.0.1.3680043.8.498.65191535336801156701874675329674247832.nii,21.869660301007276,22.0,20.0,22.0,22.0,22.409243832105094,3.0,41.0
./res_dicom2nifti/103/1.2.826.0.1.3680043.8.498.98152161880201426862532124054492013557/1.2.826.0.1.3680043.8.498.23635935494344852827857330664916759173.nii,56.505395006482374,57.0,57.0,57.0,57.0,57.01338028169014,47.0,66.0
./res_dicom2nifti/103/1.2.826.0.1.3680043.8.498.98152161880201426862532124054492013557/1.2.826.0.1.3680043.8.498.11813261779312006078331954328966850170.nii,56.93417935507613,57.0,60.0,57.0,57.0,57.122230935110764,39.0,75.0
./res_dicom2nifti/104/1.2.826.0.1.3680043.8.498.71775721404285808545120842462586985851/1.2.826.0.1.3680043.8.498.89966610154648739945890530475114518971.nii,28.059038996681483,28.0,31.0,28.0,28.0,28.18094321462945,4.0,52.0
./res_dicom2nifti/104/1.2.826.0.1.3680043.8.498.71775721404285808545120842462586985851/1.2.826.0.1.3680043.8.498.10529460128049289782891345937986337470.nii,27.690665914876327,28.0,27.0,28.0,28.0,27.75763701707098,13.0,42.0
./res_dicom2nifti/105/1.2.826.0.1.3680043.8.498.36743252609334979227539952269861407637/1.2.826.0.1.3680043.8.498.69742114425499140677796089874935784650.nii,45.73469819792007,46.0,48.0,46.0,46.0,46.09791597750579,36.0,56.0
./res_dicom2nifti/106/1.2.826.0.1.3680043.8.498.18284242375539563875911820520683047344/1.2.826.0.1.3680043.8.498.79683711066658108431674569837568647629.nii,59.75170359020196,60.0,62.0,60.0,60.0,60.324115926615264,43.0,77.0
./res_dicom2nifti/107/1.2.826.0.1.3680043.8.498.11250329308620850349369089954685268786/1.2.826.0.1.3680043.8.498.27216585434026046396708631308317611008.nii,-1.4722222222222223,-1.0,-10.0,-1.0,-1.0,-1.4090909090909092,-16.75,13.0
./res_dicom2nifti/107/1.2.826.0.1.3680043.8.498.71779090559778908048541811570921854299/1.2.826.0.1.3680043.8.498.17598566927964591771514897533481486138.nii,2.5450384316434924,2.0,1.0,2.0,2.0,1.6650326797385622,-8.0,13.0
./res_dicom2nifti/108/1.2.826.0.1.3680043.8.498.14661480659975400441878650925665884604/1.2.826.0.1.3680043.8.498.10828381981684685955240989066113282772.nii,28.983050380056557,29.0,28.0,29.0,29.0,29.093143025309004,13.0,45.0
./res_dicom2nifti/108/1.2.826.0.1.3680043.8.498.45599302089536639222795843064508879183/1.2.826.0.1.3680043.8.498.11656256639315371466278782571379980628.nii,32.03754757052861,32.0,37.0,32.0,32.0,32.21160061234904,13.0,51.0
./res_dicom2nifti/109/1.2.826.0.1.3680043.8.498.11178987841667003300460538691484877406/1.2.826.0.1.3680043.8.498.13381565519561833744577637954521844635.nii,48.523069170074294,49.0,48.0,49.0,49.0,48.856131700334025,34.0,64.0
./res_dicom2nifti/109/1.2.826.0.1.3680043.8.498.11178987841667003300460538691484877406/1.2.826.0.1.3680043.8.498.42430632961042533342656603156114578094.nii,48.23920588643621,49.0,48.0,49.0,49.0,48.63058001822047,39.0,58.0
./res_dicom2nifti/11/1.2.826.0.1.3680043.8.498.68487937784009401532517037156068967389/1.2.826.0.1.3680043.8.498.36927351872286312222404568955081240596.nii,18.9854039154576,19.0,20.0,19.0,19.0,18.636273099479915,0.0,38.0
./res_dicom2nifti/110/1.2.826.0.1.3680043.8.498.12696013323513934166530221662131519628/1.2.826.0.1.3680043.8.498.42143656002206692433216347071275629564.nii,49.92884933159639,50.0,50.0,50.0,50.0,50.162772381202416,34.0,66.0
./res_dicom2nifti/111/1.2.826.0.1.3680043.8.498.29962143645261852293935284243502692089/1.2.826.0.1.3680043.8.498.61002313927522003693911131639893910725.nii,28.300033261936694,28.0,26.0,28.0,28.0,28.00551548578702,10.0,46.0
./res_dicom2nifti/111/1.2.826.0.1.3680043.8.498.72485194895872369480150696839298425369/1.2.826.0.1.3680043.8.498.80779218433674286572463454346887787199.nii,33.464452453562515,33.0,31.0,33.0,33.0,33.277870354940845,17.0,50.0
./res_dicom2nifti/112/1.2.826.0.1.3680043.8.498.66122534001941117993919995504562313229/1.2.826.0.1.3680043.8.498.87209265375869200333923593246872459919.nii,27.132212701091724,27.0,25.0,27.0,27.0,26.985068695355967,9.0,45.0
./res_dicom2nifti/113/1.2.826.0.1.3680043.8.498.77336016845441438159801679219618069914/1.2.826.0.1.3680043.8.498.10652438268468195479451934726985742135.nii,33.40885059252372,34.0,32.0,34.0,34.0,33.595476757298584,15.0,51.0
./res_dicom2nifti/114/1.2.826.0.1.3680043.8.498.16324370682465774490172927216763431079/1.2.826.0.1.3680043.8.498.74569018180707397043645420108420030523.nii,50.02901063197837,51.0,54.0,51.0,51.0,50.510829371368196,38.0,62.0
./res_dicom2nifti/114/1.2.826.0.1.3680043.8.498.16324370682465774490172927216763431079/1.2.826.0.1.3680043.8.498.23458218988854690413408742484083164414.nii,50.27288640085181,51.0,51.0,51.0,51.0,50.526495726495725,31.0,70.0
./res_dicom2nifti/115/1.2.826.0.1.3680043.8.498.62717788801057195224446636629115577965/1.2.826.0.1.3680043.8.498.11482877167385284508053194620677447255.nii,67.92889644482224,69.0,72.0,69.0,69.0,68.96062867121765,57.0,80.0
./res_dicom2nifti/116/1.2.826.0.1.3680043.8.498.10195241430858294020595008731317181792/1.2.826.0.1.3680043.8.498.40717566467936174800084221473301865883.nii,62.9627662262835,63.0,64.0,63.0,63.0,63.219454329774614,48.0,79.0
./res_dicom2nifti/117/1.2.826.0.1.3680043.8.498.11916068918215689392937760998511058961/1.2.826.0.1.3680043.8.498.25799817583137688022106289937774960086.nii,36.21669613042624,36.0,37.0,36.0,36.0,36.35796915167095,27.0,45.0
./res_dicom2nifti/118/1.2.826.0.1.3680043.8.498.69071668171791829529815494850526202111/1.2.826.0.1.3680043.8.498.28363582963689005839166974805923338134.nii,49.49773472819161,50.0,49.0,50.0,50.0,49.864453441295545,41.0,59.0
./res_dicom2nifti/119/1.2.826.0.1.3680043.8.498.71094225320401667350568405917000452830/1.2.826.0.1.3680043.8.498.67835498038971741618285259860364598722.nii,40.55784853217201,41.0,39.0,41.0,41.0,40.651912399753236,24.0,58.0
./res_dicom2nifti/12/1.2.826.0.1.3680043.8.498.28815030444572475382357498744617451294/1.2.826.0.1.3680043.8.498.48418300735292984794094954221090759335.nii,56.904339607104625,57.0,59.0,57.0,57.0,57.235098650051924,41.0,73.0
./res_dicom2nifti/120/1.2.826.0.1.3680043.8.498.13184289044648108975249241776901590618/1.2.826.0.1.3680043.8.498.78210125537331686427809451987471983649.nii,49.91298398167355,50.0,49.0,50.0,50.0,49.911840828210934,37.0,63.0
./res_dicom2nifti/121/1.2.826.0.1.3680043.8.498.12707904644166090446861012949832767097/1.2.826.0.1.3680043.8.498.71506225968817674066307275789420467781.nii,59.02658848901469,60.0,60.0,60.0,60.0,59.61164419087137,46.0,73.0
./res_dicom2nifti/122/1.2.826.0.1.3680043.8.498.94624398541721153260703465306501876352/1.2.826.0.1.3680043.8.498.65343607147576027611919719765724520526.nii,63.90989685693383,65.0,68.0,65.0,65.0,64.63164687661332,54.0,74.0
./res_dicom2nifti/123/1.2.826.0.1.3680043.8.498.85230312221554299879413628853522589956/1.2.826.0.1.3680043.8.498.58159937187724224088727690385042417646.nii,25.91478638705313,26.0,25.0,26.0,26.0,26.17625580880726,4.0,48.0
./res_dicom2nifti/124/1.2.826.0.1.3680043.8.498.16291457764115733532967159176851884466/1.2.826.0.1.3680043.8.498.87803927052728833538890210522442655798.nii,36.629362505850104,37.0,37.0,37.0,37.0,36.636930983847286,25.0,49.0
./res_dicom2nifti/124/1.2.826.0.1.3680043.8.498.16291457764115733532967159176851884466/1.2.826.0.1.3680043.8.498.94974813332815218860835903544959802629.nii,36.89235485034259,37.0,38.0,37.0,37.0,36.885482330468,18.0,56.0
./res_dicom2nifti/124/1.2.826.0.1.3680043.8.498.93420086948337938930273650674871601712/1.2.826.0.1.3680043.8.498.12827720747674211422831890148588075406.nii,28.824339303589507,29.0,30.0,29.0,29.0,28.573437220132544,11.0,46.0
./res_dicom2nifti/124/1.2.826.0.1.3680043.8.498.93420086948337938930273650674871601712/1.2.826.0.1.3680043.8.498.11103780371944690510652344484312671844.nii,28.666437732868598,28.0,28.0,28.0,28.0,28.331015299026426,17.0,40.0
./res_dicom2nifti/125/1.2.826.0.1.3680043.8.498.44411464439444333672322856720180085992/1.2.826.0.1.3680043.8.498.20402545064089760128796830375791106057.nii,40.9623110896001,41.0,44.0,41.0,41.0,41.43705363394483,26.0,57.0
./res_dicom2nifti/125/1.2.826.0.1.3680043.8.498.54097458767634842638567396884881968740/1.2.826.0.1.3680043.8.498.26515724524044796188205967137016268603.nii,38.66686612007944,39.0,43.0,39.0,39.0,39.2047031611411,23.0,55.0
./res_dicom2nifti/126/1.2.826.0.1.3680043.8.498.16235536750940946799959156285173492253/1.2.826.0.1.3680043.8.498.11985196524539087893185645556241693481.nii,36.43404545501869,36.0,37.0,36.0,36.0,36.472579975072705,26.0,47.0
./res_dicom2nifti/126/1.2.826.0.1.3680043.8.498.50645419857661912119069576207686786353/1.2.826.0.1.3680043.8.498.47777285068452142312900004778078827272.nii,28.177202715699604,28.0,28.0,28.0,28.0,27.742067426871593,13.0,43.0
./res_dicom2nifti/127/1.2.826.0.1.3680043.8.498.71483823509733879395719082803163062086/1.2.826.0.1.3680043.8.498.34939400562444359530529304264148906246.nii,26.830099149922003,27.0,27.0,27.0,27.0,26.887952559300874,8.0,45.0
./res_dicom2nifti/128/1.2.826.0.1.3680043.8.498.46842044745816431472123785906043869678/1.2.826.0.1.3680043.8.498.82309879059851420552758365607004915749.nii,55.324525826242386,56.0,54.0,56.0,56.0,55.541218637992834,40.0,71.0
./res_dicom2nifti/129/1.2.826.0.1.3680043.8.498.24470270158829308732959270460081126371/1.2.826.0.1.3680043.8.498.33350947892598760182863889343530129040.nii,51.305122856807536,52.0,51.0,52.0,52.0,51.51326787846623,38.0,65.0
./res_dicom2nifti/13/1.2.826.0.1.3680043.8.498.43334737134058175338706972282483785305/1.2.826.0.1.3680043.8.498.11452454937972085628523203731630425938.nii,13.971912889935256,14.0,13.0,14.0,14.0,13.769189694299827,-3.0,31.0
./res_dicom2nifti/130/1.2.826.0.1.3680043.8.498.12269241185324628861793473066787475349/1.2.826.0.1.3680043.8.498.28992944540479331415923165378509448731.nii,42.96526230648068,43.0,45.0,43.0,43.0,43.310899344848124,32.0,55.0
./res_dicom2nifti/130/1.2.826.0.1.3680043.8.498.48075633431343092806852438355137049749/1.2.826.0.1.3680043.8.498.73885314837863526007968986829325375852.nii,54.65751253530056,55.0,55.0,55.0,55.0,55.24181818181818,45.0,65.0
./res_dicom2nifti/131/1.2.826.0.1.3680043.8.498.75014202930192730882204879977362136835/1.2.826.0.1.3680043.8.498.84788043350644213858169057903435937585.nii,34.187063713488584,34.0,32.0,34.0,34.0,34.13532599040682,20.0,49.0
./res_dicom2nifti/132/1.2.826.0.1.3680043.8.498.66880072793667319639100164065116837192/1.2.826.0.1.3680043.8.498.19623785861471962856000655246719834723.nii,14.353909755245695,14.0,14.0,14.0,14.0,14.376524390243903,-7.0,35.0
./res_dicom2nifti/133/1.2.826.0.1.3680043.8.498.23240178091117504369118610510070739252/1.2.826.0.1.3680043.8.498.95672465352386790608025954354393529384.nii,61.46158528663957,62.0,61.0,62.0,62.0,61.83978797057551,46.0,78.0
./res_dicom2nifti/134/1.2.826.0.1.3680043.8.498.18529077598132013158704286675658504172/1.2.826.0.1.3680043.8.498.11962496284797747358182322995994701929.nii,60.031359876558824,61.0,62.0,61.0,61.0,60.5607476635514,48.0,73.0
./res_dicom2nifti/135/1.2.826.0.1.3680043.8.498.67073677368481583411776177339826107126/1.2.826.0.1.3680043.8.498.84911583964865343562269852294233197239.nii,40.208957205306426,40.0,38.0,40.0,40.0,40.30128865979381,26.0,55.0
./res_dicom2nifti/136/1.2.826.0.1.3680043.8.498.56580703855653971029639173127873524557/1.2.826.0.1.3680043.8.498.16682212175869444365279734842873195055.nii,27.37868986693961,27.0,28.0,27.0,27.0,27.34702446148229,18.0,37.0
./res_dicom2nifti/137/1.2.826.0.1.3680043.8.498.29636203596928530049546724518591796469/1.2.826.0.1.3680043.8.498.16456472669103547327996531241349504846.nii,26.564328658947783,27.0,32.0,27.0,27.0,26.932579622225287,9.0,45.0
./res_dicom2nifti/138/1.2.826.0.1.3680043.8.498.26742654214440683583526887976488637057/1.2.826.0.1.3680043.8.498.78205720445877685262616026503257414428.nii,40.78589469593938,41.0,41.0,41.0,41.0,40.85043316831683,28.0,53.0
./res_dicom2nifti/138/1.2.826.0.1.3680043.8.498.50708065408868903646423338762010231481/1.2.826.0.1.3680043.8.498.24533802623230713965599400326162062077.nii,45.78254747123678,46.0,44.0,46.0,46.0,45.98923141891892,33.0,59.0
./res_dicom2nifti/139/1.2.826.0.1.3680043.8.498.10275865430415578706337636247089046726/1.2.826.0.1.3680043.8.498.69416194757041538015068444672080743951.nii,22.66895940238441,23.0,23.0,23.0,23.0,22.745223377353188,8.0,37.0
./res_dicom2nifti/14/1.2.826.0.1.3680043.8.498.11165715194776944052027699264471002115/1.2.826.0.1.3680043.8.498.87904228732369434102879519424342846341.nii,47.386697840398696,49.0,50.0,49.0,49.0,48.527826391319564,37.0,59.0
./res_dicom2nifti/14/1.2.826.0.1.3680043.8.498.21997455455255570864297318211355466564/1.2.826.0.1.3680043.8.498.74796245989706856045031760929574125691.nii,48.79264026770775,50.0,52.0,50.0,50.0,49.59196006305833,28.0,71.0
./res_dicom2nifti/14/1.2.826.0.1.3680043.8.498.62787557684059239571150737210484501261/1.2.826.0.1.3680043.8.498.12018795746994383773075225743892530586.nii,55.00141023833028,55.0,57.0,55.0,55.0,55.08486600105097,40.0,71.0
./res_dicom2nifti/140/1.2.826.0.1.3680043.8.498.12054486274919103813153898672827157225/1.2.826.0.1.3680043.8.498.86989568888268211002336064575176955361.nii,43.29925892032781,44.0,46.0,44.0,44.0,43.61086765994742,34.0,53.0
./res_dicom2nifti/141/1.2.826.0.1.3680043.8.498.92834151127945029251507202591387820743/1.2.826.0.1.3680043.8.498.12862411302525163177195757113501777171.nii,56.46238003886529,57.0,57.0,57.0,57.0,56.68581832895003,34.0,79.0
./res_dicom2nifti/141/1.2.826.0.1.3680043.8.498.92834151127945029251507202591387820743/1.2.826.0.1.3680043.8.498.12570546254375804024912416309348720250.nii,56.13815740781858,56.0,57.0,56.0,56.0,56.446872645064055,43.0,70.0
./res_dicom2nifti/142/1.2.826.0.1.3680043.8.498.12313105998077671598190725800730320376/1.2.826.0.1.3680043.8.498.11642005078366345348872430764344680140.nii,61.179235473130895,62.0,65.0,62.0,62.0,61.66043494849294,50.0,72.0
./res_dicom2nifti/142/1.2.826.0.1.3680043.8.498.12783600492099858102790348658804929609/1.2.826.0.1.3680043.8.498.59809668383872141508008188924607730225.nii,45.83359760224306,46.0,47.0,46.0,46.0,46.244505494505496,35.0,57.0
./res_dicom2nifti/142/1.2.826.0.1.3680043.8.498.12783600492099858102790348658804929609/1.2.826.0.1.3680043.8.498.64272016319191622369923123282001472049.nii,46.15892551973586,46.0,48.0,46.0,46.0,46.24945980985307,29.0,64.0
./res_dicom2nifti/143/1.2.826.0.1.3680043.8.498.11991773318707045722858094258502978089/1.2.826.0.1.3680043.8.498.35515957684791036937575805444057130982.nii,49.38483145427498,50.0,49.0,50.0,50.0,49.56099644128114,32.0,67.0
./res_dicom2nifti/144/1.2.826.0.1.3680043.8.498.12485722576853437191919299040960094697/1.2.826.0.1.3680043.8.498.97946783973467906247952071990140092756.nii,35.51682821141456,36.0,40.0,36.0,36.0,35.65993150684932,19.0,52.0
./res_dicom2nifti/145/1.2.826.0.1.3680043.8.498.72064884022986601260635968191121747545/1.2.826.0.1.3680043.8.498.84971226428438947653980260543104188263.nii,41.51285108260851,42.0,39.0,42.0,42.0,41.887764596417774,24.0,59.0
./res_dicom2nifti/145/1.2.826.0.1.3680043.8.498.72064884022986601260635968191121747545/1.2.826.0.1.3680043.8.498.12617696440894356160862169066997771972.nii,41.16361889546181,42.0,42.0,42.0,42.0,41.562447257383965,30.0,52.0
./res_dicom2nifti/146/1.2.826.0.1.3680043.8.498.65172135780982302622365809710432461816/1.2.826.0.1.3680043.8.498.96874593394210245840033611135547612366.nii,49.673219201651754,50.0,50.0,50.0,50.0,50.05435370470525,40.0,60.0
./res_dicom2nifti/147/1.2.826.0.1.3680043.8.498.23942801737966726062963008675004851723/1.2.826.0.1.3680043.8.498.20775460461121227309484139822057155782.nii,31.061774490457463,31.0,29.0,31.0,31.0,31.002118285036435,12.0,50.0
./res_dicom2nifti/148/1.2.826.0.1.3680043.8.498.41689444348032966810789265111881017123/1.2.826.0.1.3680043.8.498.31145423485859481785209744794433964927.nii,53.80030552660509,54.0,56.0,54.0,54.0,54.081175836030205,37.0,71.0
./res_dicom2nifti/149/1.2.826.0.1.3680043.8.498.28240657926652655851426089891986490587/1.2.826.0.1.3680043.8.498.68356735019462456312248492348033964295.nii,57.977416026953655,59.0,57.0,59.0,59.0,58.620498175472,44.0,72.0
./res_dicom2nifti/15/1.2.826.0.1.3680043.8.498.12639348182361976978793927945876768402/1.2.826.0.1.3680043.8.498.32444615115724912272525780762979177513.nii,27.03952118029395,27.0,23.0,27.0,27.0,26.804095265756608,6.0,48.0
./res_dicom2nifti/150/1.2.826.0.1.3680043.8.498.75487999726291723699577817331173137147/1.2.826.0.1.3680043.8.498.11715430308541695817805508853770856060.nii,38.81160879923208,39.0,43.0,39.0,39.0,39.197431985761504,11.0,67.0
./res_dicom2nifti/151/1.2.826.0.1.3680043.8.498.92283595883007005891540328837498983149/1.2.826.0.1.3680043.8.498.10289764125192162822614300897245797425.nii,43.29326538235765,44.0,44.0,44.0,44.0,43.52816153028693,32.0,54.0
./res_dicom2nifti/152/1.2.826.0.1.3680043.8.498.60111581716357858738565031495378936998/1.2.826.0.1.3680043.8.498.10338924211113300936115517460369329728.nii,60.34768075629961,60.0,59.0,60.0,60.0,60.38478232276733,44.0,77.0
./res_dicom2nifti/153/1.2.826.0.1.3680043.8.498.13033940530851208671380349705570350775/1.2.826.0.1.3680043.8.498.80327923098944383325875072123516661507.nii,44.81233959693677,45.0,46.0,45.0,45.0,45.05726931330472,35.0,55.0
./res_dicom2nifti/154/1.2.826.0.1.3680043.8.498.57432499712545577609659070344868985501/1.2.826.0.1.3680043.8.498.12226033470515861343918849616785811379.nii,38.31410560095165,39.0,40.0,39.0,39.0,38.52565604498594,20.0,57.0
./res_dicom2nifti/154/1.2.826.0.1.3680043.8.498.57432499712545577609659070344868985501/1.2.826.0.1.3680043.8.498.10381543483048644144359620757767031270.nii,37.92699272331883,38.0,38.0,38.0,38.0,38.10392658984208,27.0,49.0
./res_dicom2nifti/155/1.2.826.0.1.3680043.8.498.75624695078825215229382826580840118017/1.2.826.0.1.3680043.8.498.57051175717339222251559374622089039462.nii,54.422022040105766,55.0,55.0,55.0,55.0,54.8857688915025,45.0,65.0
./res_dicom2nifti/156/1.2.826.0.1.3680043.8.498.62826763358350884575069353021207918287/1.2.826.0.1.3680043.8.498.99150640850236777482487987861644229268.nii,29.69741892320152,30.0,30.0,30.0,30.0,29.774765280705115,6.0,54.0
./res_dicom2nifti/156/1.2.826.0.1.3680043.8.498.62826763358350884575069353021207918287/1.2.826.0.1.3680043.8.498.11179631632061973219328946299762542470.nii,29.336629415220504,29.0,26.0,29.0,29.0,29.30866884294523,15.0,44.0
./res_dicom2nifti/157/1.2.826.0.1.3680043.8.498.13551221792388518310143795629647399618/1.2.826.0.1.3680043.8.498.57471362033226833234553497229670576843.nii,36.210463430326016,36.0,36.0,36.0,36.0,36.20510888403285,25.0,47.0
./res_dicom2nifti/158/1.2.826.0.1.3680043.8.498.12877948938574729697722249608874245026/1.2.826.0.1.3680043.8.498.11497671349191251695237623015600782540.nii,26.72775970056614,27.0,27.0,27.0,27.0,26.77734199910354,10.0,43.0
./res_dicom2nifti/159/1.2.826.0.1.3680043.8.498.15446672875842498796289453108587845530/1.2.826.0.1.3680043.8.498.14887136940047792883385489075274075840.nii,23.73075633125744,24.0,23.0,24.0,24.0,23.570375907731737,15.0,32.0
./res_dicom2nifti/16/1.2.826.0.1.3680043.8.498.91086920972257165434195854721527508978/1.2.826.0.1.3680043.8.498.11612320679938345228202139280505964553.nii,33.563806640809766,34.0,34.0,34.0,34.0,33.749752475247526,26.0,41.0
./res_dicom2nifti/160/1.2.826.0.1.3680043.8.498.11621055929909453529431676437752786717/1.2.826.0.1.3680043.8.498.25773195063978937185670982852656262443.nii,47.62625364697301,48.0,48.0,48.0,48.0,48.06668923493568,40.0,56.0
./res_dicom2nifti/161/1.2.826.0.1.3680043.8.498.12608996706114339276338397259383369459/1.2.826.0.1.3680043.8.498.42955265238418819225254081506425059386.nii,22.017255116210247,22.0,19.0,22.0,22.0,21.894242383572674,4.0,40.0
./res_dicom2nifti/162/1.2.826.0.1.3680043.8.498.10345132138238005449735131997529169976/1.2.826.0.1.3680043.8.498.95889712968238615938191779330012674551.nii,-1.760702827351113,-2.0,-5.0,-2.0,-2.0,-1.6785714285714286,-21.0,17.0
./res_dicom2nifti/163/1.2.826.0.1.3680043.8.498.55807341187205381975310577049218719173/1.2.826.0.1.3680043.8.498.11802122670978820955322450699879629714.nii,53.2132940941877,54.0,55.0,54.0,54.0,53.69637046307885,44.0,63.0
./res_dicom2nifti/163/1.2.826.0.1.3680043.8.498.55807341187205381975310577049218719173/1.2.826.0.1.3680043.8.498.71488312550877418989407383781141274117.nii,53.891223160234034,54.0,54.0,54.0,54.0,54.135802469135804,38.0,70.0
./res_dicom2nifti/164/1.2.826.0.1.3680043.8.498.83668304744821146372612243988505789311/1.2.826.0.1.3680043.8.498.10897816024686723644087483987717340597.nii,69.29046792426001,70.0,73.0,70.0,70.0,69.7810392701309,51.0,88.0
./res_dicom2nifti/165/1.2.826.0.1.3680043.8.498.42372446120818505805282897338064441147/1.2.826.0.1.3680043.8.498.74900437463434558282193485699928713737.nii,60.092317787855556,61.0,62.0,61.0,61.0,60.646386093321134,49.0,72.0
./res_dicom2nifti/166/1.2.826.0.1.3680043.8.498.68403643677012014225376892955334445064/1.2.826.0.1.3680043.8.498.93410378614932041929594020695121606604.nii,65.0717618268934,65.0,64.0,65.0,65.0,65.48024916438773,51.0,80.0
./res_dicom2nifti/167/1.2.826.0.1.3680043.8.498.32049690104156922971217842051036988652/1.2.826.0.1.3680043.8.498.86999802200324663120664641765231836225.nii,35.82334914819255,36.0,41.0,36.0,36.0,35.84794309880815,17.0,54.0
./res_dicom2nifti/168/1.2.826.0.1.3680043.8.498.62213492865902826150105200385219287763/1.2.826.0.1.3680043.8.498.59439130504718797733658836257897043136.nii,52.89887626513197,54.0,57.0,54.0,54.0,53.76889106967615,43.0,64.0
./res_dicom2nifti/169/1.2.826.0.1.3680043.8.498.96572914182686052313160780794695849734/1.2.826.0.1.3680043.8.498.20506196073143675611359798629353432815.nii,46.77076152482684,47.0,48.0,47.0,47.0,47.17717717717718,35.0,59.0
./res_dicom2nifti/17/1.2.826.0.1.3680043.8.498.65288850681892123941311820950578465446/1.2.826.0.1.3680043.8.498.93738233174427325679092259532961256850.nii,13.076899513345433,13.0,15.0,13.0,13.0,13.133298208640674,-6.0,32.0
./res_dicom2nifti/170/1.2.826.0.1.3680043.8.498.11822591276347023863974417581731975324/1.2.826.0.1.3680043.8.498.12872371382747240773237355561192375565.nii,50.273265926336514,51.0,53.0,51.0,51.0,50.531652989449,36.0,65.0
./res_dicom2nifti/171/1.2.826.0.1.3680043.8.498.97845039880421786879736975272263307833/1.2.826.0.1.3680043.8.498.71211939294129340011327209702514853449.nii,51.7945912511316,52.0,52.0,52.0,52.0,52.29735632183908,37.0,68.0
./res_dicom2nifti/171/1.2.826.0.1.3680043.8.498.97845039880421786879736975272263307833/1.2.826.0.1.3680043.8.498.23726172323525261393488183078877538646.nii,50.961425418003095,52.0,53.0,52.0,52.0,51.84039162112933,41.0,62.0
./res_dicom2nifti/172/1.2.826.0.1.3680043.8.498.89837182927654273943613034763893882250/1.2.826.0.1.3680043.8.498.41759765762721948408531720452318237968.nii,34.98364738337496,35.0,38.0,35.0,35.0,35.37144328569589,20.0,50.0
./res_dicom2nifti/173/1.2.826.0.1.3680043.8.498.11437884898819456561211167727784161545/1.2.826.0.1.3680043.8.498.64788859847439928406564183379498025731.nii,31.891385507315,32.0,36.0,32.0,32.0,32.18559093863151,15.0,49.0
./res_dicom2nifti/173/1.2.826.0.1.3680043.8.498.11437884898819456561211167727784161545/1.2.826.0.1.3680043.8.498.43074926039031073610637603997433949669.nii,31.602399803381143,32.0,34.0,32.0,32.0,31.848428343100693,21.0,43.0
./res_dicom2nifti/174/1.2.826.0.1.3680043.8.498.42510590719614401436384295441969281694/1.2.826.0.1.3680043.8.498.33879451627410069032888302358048920657.nii,36.7701151047658,37.0,38.0,37.0,37.0,37.08152900294039,26.0,47.0
./res_dicom2nifti/176/1.2.826.0.1.3680043.8.498.50690086041947124061680273926934650408/1.2.826.0.1.3680043.8.498.41067113871024022489598240359721455843.nii,58.20179326158006,59.0,60.0,59.0,59.0,58.818911439114395,44.0,73.0
./res_dicom2nifti/177/1.2.826.0.1.3680043.8.498.35519105002065973452065767280661873009/1.2.826.0.1.3680043.8.498.12734921665156503819898217619089176807.nii,49.0132075245483,49.0,48.0,49.0,49.0,49.23174429888404,36.0,63.0
./res_dicom2nifti/177/1.2.826.0.1.3680043.8.498.35519105002065973452065767280661873009/1.2.826.0.1.3680043.8.498.13310604024143134554510173722079662139.nii,48.51125006296006,49.0,49.0,49.0,49.0,48.97409152086137,40.0,57.0
./res_dicom2nifti/178/1.2.826.0.1.3680043.8.498.10883757637513974004991319487327686078/1.2.826.0.1.3680043.8.498.78842496806286787179133781167687678411.nii,57.97773364215058,58.0,57.0,58.0,58.0,58.30602895363753,41.0,75.0
./res_dicom2nifti/179/1.2.826.0.1.3680043.8.498.42182025058819382673143449883185096465/1.2.826.0.1.3680043.8.498.21829312954375475590575276291276641974.nii,2.5528566075017887,2.0,3.0,2.0,2.0,2.1563088512241055,-13.0,17.0
./res_dicom2nifti/18/1.2.826.0.1.3680043.8.498.13191241008852403513781537477321403734/1.2.826.0.1.3680043.8.498.13226389318360530762560634255796632485.nii,56.707354340885146,57.0,58.0,57.0,57.0,56.916499246609746,36.0,78.0
./res_dicom2nifti/180/1.2.826.0.1.3680043.8.498.72899674769257255449301787196710362971/1.2.826.0.1.3680043.8.498.45813302147522985998663777044825826088.nii,47.519151875264825,48.0,49.0,48.0,48.0,47.666079153981734,30.0,65.0
./res_dicom2nifti/181/1.2.826.0.1.3680043.8.498.10075121998577473080293034043533733653/1.2.826.0.1.3680043.8.498.32589014290321431313744158123123345329.nii,7.900852878464819,8.0,8.0,8.0,8.0,7.595890410958904,-1.0,16.0
./res_dicom2nifti/181/1.2.826.0.1.3680043.8.498.97090573977159154119711341262753210025/1.2.826.0.1.3680043.8.498.94046056115206792460390478142839079152.nii,30.74192474192474,31.0,32.0,31.0,31.0,31.236194477791116,22.0,40.0
./res_dicom2nifti/182/1.2.826.0.1.3680043.8.498.95044772497046941538069945435981334712/1.2.826.0.1.3680043.8.498.12486228558506227316267199035890502385.nii,35.87848638720111,36.0,38.0,36.0,36.0,36.119894099848715,26.0,46.0
./res_dicom2nifti/183/1.2.826.0.1.3680043.8.498.69380091063985402452122955110014001123/1.2.826.0.1.3680043.8.498.61479390798889660160385669532175414429.nii,51.188970154683794,51.0,53.0,51.0,51.0,51.46103374397429,34.0,69.0
./res_dicom2nifti/183/1.2.826.0.1.3680043.8.498.69380091063985402452122955110014001123/1.2.826.0.1.3680043.8.498.10623731785489907886512962350326331460.nii,50.779367994427204,51.0,52.0,51.0,51.0,51.30333509793542,40.0,62.0
./res_dicom2nifti/184/1.2.826.0.1.3680043.8.498.60394651607477378939106444377248104095/1.2.826.0.1.3680043.8.498.99871176764391802532867192301305017592.nii,65.896267882719,67.0,66.0,67.0,67.0,66.70398310199155,53.0,80.0
./res_dicom2nifti/185/1.2.826.0.1.3680043.8.498.12963514444589241424853994450781224807/1.2.826.0.1.3680043.8.498.93248679043819703961330736520152387322.nii,7.794560454872243,8.0,9.0,8.0,8.0,7.810202962150302,-14.0,29.0
./res_dicom2nifti/185/1.2.826.0.1.3680043.8.498.22873979719205254487271327303477026372/1.2.826.0.1.3680043.8.498.35596995435388574824815473597654224031.nii,5.033934479723166,5.0,0.0,5.0,5.0,4.598008637236084,-12.0,22.0
./res_dicom2nifti/186/1.2.826.0.1.3680043.8.498.71390934170850917018882839863992324306/1.2.826.0.1.3680043.8.498.88230096468083741003981793802969829218.nii,56.17158622415125,57.0,57.0,57.0,57.0,56.533062258365554,43.0,70.0
./res_dicom2nifti/187/1.2.826.0.1.3680043.8.498.57671808935777965490077990177588492065/1.2.826.0.1.3680043.8.498.31776753689925379965858143446836286884.nii,59.746130278747984,60.0,63.0,60.0,60.0,60.109972133757964,43.0,77.0
./res_dicom2nifti/188/1.2.826.0.1.3680043.8.498.25556999828482933069373565060698626939/1.2.826.0.1.3680043.8.498.26475879183265903309822502476405768553.nii,51.401427909133055,52.0,57.0,52.0,52.0,51.715491559086395,38.0,66.0
./res_dicom2nifti/188/1.2.826.0.1.3680043.8.498.25556999828482933069373565060698626939/1.2.826.0.1.3680043.8.498.11578891486822107180016011583262565856.nii,51.863752145744506,52.0,55.0,52.0,52.0,52.12267609321812,29.0,75.0
./res_dicom2nifti/189/1.2.826.0.1.3680043.8.498.17685655734055097454754172419431973319/1.2.826.0.1.3680043.8.498.10136073911505657374760959808006095644.nii,22.92713330777309,23.0,20.0,23.0,23.0,22.945685398542206,4.0,42.0
./res_dicom2nifti/19/1.2.826.0.1.3680043.8.498.89976254472651412286989979582385857108/1.2.826.0.1.3680043.8.498.91442027865686887332902582316712308131.nii,22.45469014561463,23.0,23.0,23.0,23.0,22.50763358778626,9.0,36.0
./res_dicom2nifti/19/1.2.826.0.1.3680043.8.498.89976254472651412286989979582385857108/1.2.826.0.1.3680043.8.498.80183946952055210546066703229088656670.nii,22.779822191741868,23.0,26.0,23.0,23.0,22.93478732638889,2.0,44.0
./res_dicom2nifti/190/1.2.826.0.1.3680043.8.498.71520760540811663637893776751610994546/1.2.826.0.1.3680043.8.498.10854579588483194179994162264771295914.nii,38.8080820813582,39.0,43.0,39.0,39.0,38.77522056003069,8.0,69.0
./res_dicom2nifti/190/1.2.826.0.1.3680043.8.498.71520760540811663637893776751610994546/1.2.826.0.1.3680043.8.498.50223299918918320616298158678668107843.nii,38.393378052803634,38.0,32.0,38.0,38.0,38.379117028731606,20.0,57.0
./res_dicom2nifti/191/1.2.826.0.1.3680043.8.498.70464851970444901029695279277839736475/1.2.826.0.1.3680043.8.498.11174531916190831475065876105320395760.nii,41.21694864082121,41.0,46.0,41.0,41.0,41.43077564637198,28.0,54.0
./res_dicom2nifti/192/1.2.826.0.1.3680043.8.498.93280089429389939511270144405244858316/1.2.826.0.1.3680043.8.498.50894561775315193116491343008067579485.nii,53.652291299553795,54.0,53.0,54.0,54.0,53.932635709614125,37.0,71.0
./res_dicom2nifti/192/1.2.826.0.1.3680043.8.498.93280089429389939511270144405244858316/1.2.826.0.1.3680043.8.498.83262375740823684872921375706434657312.nii,53.280948528038834,54.0,57.0,54.0,54.0,53.81317031317031,43.0,64.0
./res_dicom2nifti/193/1.2.826.0.1.3680043.8.498.76339094697569936011047674982754493277/1.2.826.0.1.3680043.8.498.13912528366858804814499344232612211693.nii,39.13685366810514,39.0,40.0,39.0,39.0,39.285364526659414,30.0,49.0
./res_dicom2nifti/194/1.2.826.0.1.3680043.8.498.10220700585685673413538325712426505108/1.2.826.0.1.3680043.8.498.10783286298489870975983348766536261472.nii,-23.600278551532032,-24.0,-22.0,-24.0,-24.0,-24.02173913043478,-32.0,-16.0
./res_dicom2nifti/195/1.2.826.0.1.3680043.8.498.75575223090043446373406245369375036323/1.2.826.0.1.3680043.8.498.56611775159464552279618315998759946645.nii,41.12060792430976,41.0,39.0,41.0,41.0,41.31464936972219,24.0,58.0
./res_dicom2nifti/196/1.2.826.0.1.3680043.8.498.47303133457194834833842649405249038503/1.2.826.0.1.3680043.8.498.10519999180027557859310025865371134362.nii,21.34870011346258,21.0,18.0,21.0,21.0,21.307380073800736,13.0,29.0
./res_dicom2nifti/197/1.2.826.0.1.3680043.8.498.10887062225143834706837474687792552279/1.2.826.0.1.3680043.8.498.71954550615431820748065477426969932898.nii,47.63757189828832,48.0,48.0,48.0,48.0,47.88564203427929,39.0,57.0
./res_dicom2nifti/198/1.2.826.0.1.3680043.8.498.35002996127486679020398891661760747549/1.2.826.0.1.3680043.8.498.73218946876101750457409142892011624860.nii,62.735494514972196,63.0,64.0,63.0,63.0,62.80922165820643,35.0,91.0
./res_dicom2nifti/199/1.2.826.0.1.3680043.8.498.72267910083305923513097220176935404747/1.2.826.0.1.3680043.8.498.19648739026815593219561456525726679867.nii,43.23602868910879,44.0,40.0,44.0,44.0,43.520509977827054,23.0,64.0
./res_dicom2nifti/199/1.2.826.0.1.3680043.8.498.72267910083305923513097220176935404747/1.2.826.0.1.3680043.8.498.26111972808241789933849974931740095794.nii,43.0391739785518,43.0,41.0,43.0,43.0,43.347893114080165,31.0,56.0
./res_dicom2nifti/2/1.2.826.0.1.3680043.8.498.75513060046644326105538753154034259013/1.2.826.0.1.3680043.8.498.70251106790351972638068640305226983539.nii,50.71038934483368,51.0,50.0,51.0,51.0,50.93622228620789,34.0,68.0
./res_dicom2nifti/200/1.2.826.0.1.3680043.8.498.11721180816720485367751539084585138269/1.2.826.0.1.3680043.8.498.79659762084899172009607187891636291234.nii,1.2123873453019218,1.0,1.0,1.0,1.0,0.7284308048639259,-10.0,12.0
./res_dicom2nifti/201/1.2.826.0.1.3680043.8.498.11972732707349929587571618495264088950/1.2.826.0.1.3680043.8.498.10663490339008061226764237763170948528.nii,37.158104152737536,37.0,36.0,37.0,37.0,37.41393700787402,23.0,52.0
./res_dicom2nifti/202/1.2.826.0.1.3680043.8.498.42249537407261824604269236676513482028/1.2.826.0.1.3680043.8.498.72792728429204339501419735214572879374.nii,36.950777310397314,37.0,39.0,37.0,37.0,37.07848633496847,14.0,60.0
./res_dicom2nifti/202/1.2.826.0.1.3680043.8.498.42249537407261824604269236676513482028/1.2.826.0.1.3680043.8.498.96517751364358785979781248646431855109.nii,36.71842447103495,37.0,33.0,37.0,37.0,36.86769428387925,23.0,51.0
./res_dicom2nifti/203/1.2.826.0.1.3680043.8.498.72565540606378289909690272749904331899/1.2.826.0.1.3680043.8.498.59670064644446921012110690663263704996.nii,54.59414193012957,55.0,55.0,55.0,55.0,54.87864557587741,42.0,68.0
./res_dicom2nifti/204/1.2.826.0.1.3680043.8.498.11099498394070989721335967144117848300/1.2.826.0.1.3680043.8.498.10714785751577213108047430767554894133.nii,53.99951434419121,54.0,52.0,54.0,54.0,54.201760889712695,34.0,74.0
./res_dicom2nifti/205/1.2.826.0.1.3680043.8.498.52445567415306273805931759073122325830/1.2.826.0.1.3680043.8.498.98832584961283845917835789434959600621.nii,54.27076364492108,55.0,56.0,55.0,55.0,55.12786467806475,43.0,66.0
./res_dicom2nifti/206/1.2.826.0.1.3680043.8.498.11072099081393918845716823888759266604/1.2.826.0.1.3680043.8.498.49051485579816379093540571640891513896.nii,24.481829661334253,24.0,27.0,24.0,24.0,24.312238180730102,-8.0,57.0
./res_dicom2nifti/207/1.2.826.0.1.3680043.8.498.26420327898823385032359935645984889823/1.2.826.0.1.3680043.8.498.77029347858564926246668468631173081927.nii,38.004427692377554,38.0,40.0,38.0,38.0,38.31032227375431,24.0,52.0
./res_dicom2nifti/208/1.2.826.0.1.3680043.8.498.74864146956913241169517172310937318378/1.2.826.0.1.3680043.8.498.70652259117337477687760174366200103727.nii,43.340680468105965,44.0,45.0,44.0,44.0,43.57942319187089,29.0,58.0
./res_dicom2nifti/209/1.2.826.0.1.3680043.8.498.30638886233948131020807218486830389263/1.2.826.0.1.3680043.8.498.11715392063517354348130327781861427057.nii,58.46160007243298,59.0,57.0,59.0,59.0,58.92754607177498,43.0,74.0
./res_dicom2nifti/21/1.2.826.0.1.3680043.8.498.10504067126774133133317472248945751649/1.2.826.0.1.3680043.8.498.89335688623016231988873694566293555945.nii,38.305462190782904,38.0,39.0,38.0,38.0,38.23624401913876,27.0,50.0
./res_dicom2nifti/210/1.2.826.0.1.3680043.8.498.60885791891333757149953283028298397935/1.2.826.0.1.3680043.8.498.88218236094965861224646778610409375723.nii,8.74244329938735,9.0,12.0,9.0,9.0,9.313761467889908,-4.0,22.0
./res_dicom2nifti/211/1.2.826.0.1.3680043.8.498.30944492026871336390303240355519986936/1.2.826.0.1.3680043.8.498.12392147279572780818014359530631598722.nii,35.7200341745531,36.0,36.0,36.0,36.0,35.7748650060965,17.0,54.0
./res_dicom2nifti/212/1.2.826.0.1.3680043.8.498.12885718713913581029315280102579862882/1.2.826.0.1.3680043.8.498.13345564753948436985386402194608203871.nii,48.12893287727725,49.0,49.0,49.0,49.0,48.65618314077878,39.0,58.0
./res_dicom2nifti/212/1.2.826.0.1.3680043.8.498.12885718713913581029315280102579862882/1.2.826.0.1.3680043.8.498.10905156611504778791974962893936557479.nii,48.360262078432,49.0,47.0,49.0,49.0,48.682300069140354,33.0,64.0
./res_dicom2nifti/214/1.2.826.0.1.3680043.8.498.39722559639431753478189239008722794094/1.2.826.0.1.3680043.8.498.94328392589303470227936591196832037952.nii,52.31345203067887,53.0,56.0,53.0,53.0,52.8527782740754,35.0,70.0
./res_dicom2nifti/215/1.2.826.0.1.3680043.8.498.39917447272689220549826737038127221542/1.2.826.0.1.3680043.8.498.11479304186878290633861290422373464663.nii,53.13365642305438,54.0,55.0,54.0,54.0,53.75540496934495,40.0,67.0
./res_dicom2nifti/217/1.2.826.0.1.3680043.8.498.67782683660740658305966405955790297342/1.2.826.0.1.3680043.8.498.20537649459976106940776440112243694658.nii,57.20858438304624,57.0,57.0,57.0,57.0,57.42748344370861,36.0,79.0
./res_dicom2nifti/218/1.2.826.0.1.3680043.8.498.39543316274649282125705827739380277866/1.2.826.0.1.3680043.8.498.12132143293841728802046647853231250830.nii,19.775152000317565,20.0,23.0,20.0,20.0,19.731117824773413,9.0,31.0
./res_dicom2nifti/218/1.2.826.0.1.3680043.8.498.39543316274649282125705827739380277866/1.2.826.0.1.3680043.8.498.12303332148169897872715176075608695525.nii,19.952738355570116,20.0,19.0,20.0,20.0,20.023868186017864,2.0,38.0
./res_dicom2nifti/219/1.2.826.0.1.3680043.8.498.38488234102745215542986784325641255704/1.2.826.0.1.3680043.8.498.77060272459984111461983661088381471677.nii,59.08135715118765,60.0,60.0,60.0,60.0,59.58216016616663,40.0,79.0
./res_dicom2nifti/219/1.2.826.0.1.3680043.8.498.38488234102745215542986784325641255704/1.2.826.0.1.3680043.8.498.86880453212077051567046218924097128376.nii,58.32250492273966,59.0,60.0,59.0,59.0,59.24283765347885,46.0,71.0
./res_dicom2nifti/22/1.2.826.0.1.3680043.8.498.56481502859484467768244220763054930755/1.2.826.0.1.3680043.8.498.89096401329195612789975179821550286928.nii,43.738071246611014,44.0,42.0,44.0,44.0,43.8550978548842,29.0,59.0
./res_dicom2nifti/220/1.2.826.0.1.3680043.8.498.70460814449622368689936462731257786210/1.2.826.0.1.3680043.8.498.14305851709115550895395071835916758533.nii,35.65838814505772,36.0,36.0,36.0,36.0,36.00879712746858,17.0,54.0
./res_dicom2nifti/221/1.2.826.0.1.3680043.8.498.88134007299567384916132932644429176282/1.2.826.0.1.3680043.8.498.10905169385094731631358097616018570756.nii,56.01255717717194,57.0,59.0,57.0,57.0,56.60164271047228,46.0,66.0
./res_dicom2nifti/222/1.2.826.0.1.3680043.8.498.39456526923279788253835384341240722762/1.2.826.0.1.3680043.8.498.11825496953942561235298186086158608760.nii,35.22961427140154,35.0,40.0,35.0,35.0,35.04300871542251,21.0,50.0
./res_dicom2nifti/222/1.2.826.0.1.3680043.8.498.39456526923279788253835384341240722762/1.2.826.0.1.3680043.8.498.26254248985831678194782091118982798696.nii,35.40406864101855,35.0,38.0,35.0,35.0,35.29615304202383,11.0,59.0
./res_dicom2nifti/223/1.2.826.0.1.3680043.8.498.82854636118001745610629829214199029322/1.2.826.0.1.3680043.8.498.11552788235305447587504120138258758459.nii,46.981301788903565,47.0,47.0,47.0,47.0,47.20203615938213,25.0,69.0
./res_dicom2nifti/223/1.2.826.0.1.3680043.8.498.82854636118001745610629829214199029322/1.2.826.0.1.3680043.8.498.20108583361399742537759439788546483427.nii,46.59591442040372,47.0,48.0,47.0,47.0,46.80118932819029,33.0,60.0
./res_dicom2nifti/224/1.2.826.0.1.3680043.8.498.45337134381924934521441075674080876708/1.2.826.0.1.3680043.8.498.88234846210884901736336583305518242409.nii,53.422595813932084,53.0,52.0,53.0,53.0,53.45435748200337,34.0,73.0
./res_dicom2nifti/225/1.2.826.0.1.3680043.8.498.94185230199899609295217091831225482773/1.2.826.0.1.3680043.8.498.10803007496223001186652494761883734448.nii,24.14161596667772,24.0,23.0,24.0,24.0,24.000637213254034,6.0,43.0
./res_dicom2nifti/226/1.2.826.0.1.3680043.8.498.50579530566217005966513776812375275704/1.2.826.0.1.3680043.8.498.42758333172960876903669329175023574262.nii,57.758527165693856,58.0,60.0,58.0,58.0,58.33050397877984,47.0,69.0
./res_dicom2nifti/226/1.2.826.0.1.3680043.8.498.50579530566217005966513776812375275704/1.2.826.0.1.3680043.8.498.85195883727795290097309846455290360668.nii,58.036949270097104,58.0,60.0,58.0,58.0,58.36163697104677,40.0,76.0
./res_dicom2nifti/227/1.2.826.0.1.3680043.8.498.22283964251059738669661953559409833495/1.2.826.0.1.3680043.8.498.90863994363499178298466749610479392946.nii,24.833313586583536,25.0,27.0,25.0,25.0,25.127404156447657,10.0,40.0
./res_dicom2nifti/228/1.2.826.0.1.3680043.8.498.11740148785851072462099495238239418817/1.2.826.0.1.3680043.8.498.32287060780198166289391342429676828657.nii,26.402931159679678,27.0,30.0,27.0,27.0,26.642605403994256,9.0,44.0
./res_dicom2nifti/229/1.2.826.0.1.3680043.8.498.11981509531613063159978362216323032261/1.2.826.0.1.3680043.8.498.74666636467798005525481551025196788738.nii,46.27473600770036,47.0,44.0,47.0,47.0,46.54015819896562,35.0,58.0
./res_dicom2nifti/23/1.2.826.0.1.3680043.8.498.47707306154206373307706171354911330650/1.2.826.0.1.3680043.8.498.19943288906714271531135669064480603597.nii,28.823208698181105,29.0,27.0,29.0,29.0,28.610823934837093,17.0,41.0
./res_dicom2nifti/230/1.2.826.0.1.3680043.8.498.61284709019139281882763539794449191064/1.2.826.0.1.3680043.8.498.86888475633392874899522251777297890577.nii,58.075335716899865,58.0,64.0,58.0,58.0,58.25184275184275,38.0,78.0
./res_dicom2nifti/231/1.2.826.0.1.3680043.8.498.83042494211567880800147013673507224324/1.2.826.0.1.3680043.8.498.76266570835969426770904252924942641401.nii,48.793764380996244,49.0,48.0,49.0,49.0,49.04564439140812,37.0,61.0
./res_dicom2nifti/232/1.2.826.0.1.3680043.8.498.12481221763881271688836355288740932474/1.2.826.0.1.3680043.8.498.12703337473560868018539595335633808423.nii,47.485067979851756,48.0,49.0,48.0,48.0,47.810139476571074,40.0,56.0
./res_dicom2nifti/233/1.2.826.0.1.3680043.8.498.10469545229072593304695602019160150212/1.2.826.0.1.3680043.8.498.11621328927956869850123018251644805144.nii,30.747766591209846,31.0,32.0,31.0,31.0,30.65075009147457,10.0,51.0
./res_dicom2nifti/234/1.2.826.0.1.3680043.8.498.11742878084452201205709113020449879687/1.2.826.0.1.3680043.8.498.52010577303176667142170025100403794275.nii,56.33275194574224,57.0,60.0,57.0,57.0,56.80699233716475,41.0,72.0
./res_dicom2nifti/235/1.2.826.0.1.3680043.8.498.79432331710318818293541187195525412487/1.2.826.0.1.3680043.8.498.15971903132146184804209873338198782586.nii,38.24086526999789,38.0,39.0,38.0,38.0,38.22216053299493,16.0,60.0
./res_dicom2nifti/236/1.2.826.0.1.3680043.8.498.20763661935232357971770053851337571346/1.2.826.0.1.3680043.8.498.74320200945912389256022514437703977676.nii,53.8131264028195,54.0,51.0,54.0,54.0,53.88715083798883,27.0,80.0
./res_dicom2nifti/236/1.2.826.0.1.3680043.8.498.20763661935232357971770053851337571346/1.2.826.0.1.3680043.8.498.11482296305726356927591475441103020038.nii,53.12368491360325,53.0,53.0,53.0,53.0,53.28556992724333,38.0,69.0
./res_dicom2nifti/236/1.2.826.0.1.3680043.8.498.20763661935232357971770053851337571346/1.2.826.0.1.3680043.8.498.10148301306438826230276965368897926960.nii,53.136880879724096,53.0,54.0,53.0,53.0,53.31772683241847,30.0,76.0
./res_dicom2nifti/237/1.2.826.0.1.3680043.8.498.10811694841417210957218487527199770242/1.2.826.0.1.3680043.8.498.11770456174451549192586500756918655017.nii,19.8673078060876,20.0,20.0,20.0,20.0,19.662418245849405,11.0,28.0
./res_dicom2nifti/238/1.2.826.0.1.3680043.8.498.67602611446149480667738428370654287395/1.2.826.0.1.3680043.8.498.13533483153505894637594886013539255543.nii,62.332708153878656,63.0,63.0,63.0,63.0,62.738195672880664,51.0,74.0
./res_dicom2nifti/239/1.2.826.0.1.3680043.8.498.61128324727345055945341693995859631035/1.2.826.0.1.3680043.8.498.52766563799479690383221660233318058874.nii,50.64829358142012,51.0,52.0,51.0,51.0,50.94611179292647,39.0,63.0
./res_dicom2nifti/24/1.2.826.0.1.3680043.8.498.12460233911440032338310567754897774866/1.2.826.0.1.3680043.8.498.90479291387107127845118845943326563747.nii,45.61156627085815,46.0,46.0,46.0,46.0,46.19046692607004,37.0,55.0
./res_dicom2nifti/240/1.2.826.0.1.3680043.8.498.46815572008915361854859389452144194700/1.2.826.0.1.3680043.8.498.69430906252768692696469406942731779776.nii,19.187938274414083,19.0,24.0,19.0,19.0,18.90548898337843,-31.0,69.0
./res_dicom2nifti/241/1.2.826.0.1.3680043.8.498.35028040042863286273373281486638996546/1.2.826.0.1.3680043.8.498.71080454616784779941246546140631308215.nii,48.31775957355074,49.0,50.0,49.0,49.0,48.77376137512639,38.0,59.0
./res_dicom2nifti/241/1.2.826.0.1.3680043.8.498.35028040042863286273373281486638996546/1.2.826.0.1.3680043.8.498.61488944130524526471836264265804681222.nii,48.89181382638324,49.0,51.0,49.0,49.0,49.20791290493893,33.0,66.0
./res_dicom2nifti/242/1.2.826.0.1.3680043.8.498.28006573349344345775231137276130463029/1.2.826.0.1.3680043.8.498.22384754517058873748512145635078293745.nii,45.54306605093759,46.0,45.0,46.0,46.0,45.73185624563852,30.0,62.0
./res_dicom2nifti/243/1.2.826.0.1.3680043.8.498.10646830272382609033521312078855489678/1.2.826.0.1.3680043.8.498.57352745774876803388524173458477460073.nii,26.69372958476589,27.0,27.0,27.0,27.0,26.661783621552093,8.0,46.0
./res_dicom2nifti/243/1.2.826.0.1.3680043.8.498.10646830272382609033521312078855489678/1.2.826.0.1.3680043.8.498.97159819549695424207902176822771446366.nii,26.336563102530935,26.0,23.0,26.0,26.0,25.999154453213077,14.0,38.0
./res_dicom2nifti/244/1.2.826.0.1.3680043.8.498.51852147204894211929486134275755463211/1.2.826.0.1.3680043.8.498.82318164594807929699637735481670902840.nii,57.5820903117004,58.0,55.0,58.0,58.0,58.1232325429628,42.0,74.0
./res_dicom2nifti/245/1.2.826.0.1.3680043.8.498.47033805077631539154233374826934664742/1.2.826.0.1.3680043.8.498.36982861796328266237760506507855385188.nii,28.748628623493357,29.0,28.0,29.0,29.0,28.53997300134993,13.0,44.0
./res_dicom2nifti/246/1.2.826.0.1.3680043.8.498.81186518772219666400787867124500598529/1.2.826.0.1.3680043.8.498.60538305983852124767882342833792779247.nii,23.127070504102807,23.0,21.0,23.0,23.0,22.999679897567223,8.0,38.0
./res_dicom2nifti/247/1.2.826.0.1.3680043.8.498.11841599976525298259086585714381998331/1.2.826.0.1.3680043.8.498.17257526824402207531195893298493860969.nii,39.59325210871603,40.0,40.0,40.0,40.0,39.94613970588235,29.0,51.0
./res_dicom2nifti/248/1.2.826.0.1.3680043.8.498.10516663651984784546685362645600618139/1.2.826.0.1.3680043.8.498.11164669126513069626690455049577567129.nii,52.321008176456196,53.0,57.0,53.0,53.0,52.971035837015215,37.0,68.0
./res_dicom2nifti/249/1.2.826.0.1.3680043.8.498.30792198599264576613105633737500513142/1.2.826.0.1.3680043.8.498.40849449734491413337847132210015557121.nii,45.66138608454133,46.0,47.0,46.0,46.0,46.00702702702703,27.0,65.0
./res_dicom2nifti/25/1.2.826.0.1.3680043.8.498.72804705541837744386905259139257763788/1.2.826.0.1.3680043.8.498.16450392003184213700062372601300334472.nii,41.172575815091314,41.0,41.0,41.0,41.0,41.005174875089224,29.0,53.0
./res_dicom2nifti/25/1.2.826.0.1.3680043.8.498.72804705541837744386905259139257763788/1.2.826.0.1.3680043.8.498.53765463234114523342315751424238323124.nii,41.4431933344001,41.0,39.0,41.0,41.0,41.37708175624527,23.0,60.0
./res_dicom2nifti/250/1.2.826.0.1.3680043.8.498.13548077642551046246896728481528742370/1.2.826.0.1.3680043.8.498.12673456864012467844111567025347764340.nii,44.050147049765954,44.0,44.0,44.0,44.0,43.77693965517241,29.0,59.0
./res_dicom2nifti/251/1.2.826.0.1.3680043.8.498.61971643088588019249617548822803782757/1.2.826.0.1.3680043.8.498.22756543716635535174384095424366829883.nii,22.17457973063437,22.0,21.0,22.0,22.0,22.14535169699951,3.0,41.0
./res_dicom2nifti/252/1.2.826.0.1.3680043.8.498.89907531584776788958335612532802034586/1.2.826.0.1.3680043.8.498.12611778820483670665436554331962786780.nii,40.58412192718388,41.0,39.0,41.0,41.0,40.609843546284225,28.0,53.0
./res_dicom2nifti/252/1.2.826.0.1.3680043.8.498.89907531584776788958335612532802034586/1.2.826.0.1.3680043.8.498.25790224602281360509697885058987253381.nii,40.76630286050902,41.0,41.0,41.0,41.0,40.76925833034755,20.0,62.0
./res_dicom2nifti/254/1.2.826.0.1.3680043.8.498.89871165578383076624047108481847446154/1.2.826.0.1.3680043.8.498.81492915944703263965922238413156716128.nii,28.803248109010763,28.0,24.0,28.0,28.0,28.49427804464538,9.0,48.0
./res_dicom2nifti/255/1.2.826.0.1.3680043.8.498.11609616373879142085682437922123650226/1.2.826.0.1.3680043.8.498.10366309262210371202320945047817061682.nii,52.57426950996249,53.0,55.0,53.0,53.0,53.044814340588985,41.0,64.0
./res_dicom2nifti/256/1.2.826.0.1.3680043.8.498.10834335128712929342180770766555718017/1.2.826.0.1.3680043.8.498.96909373697418322132693983444805944516.nii,47.78758335556148,48.0,49.0,48.0,48.0,48.2096705632306,40.0,57.0
./res_dicom2nifti/256/1.2.826.0.1.3680043.8.498.10834335128712929342180770766555718017/1.2.826.0.1.3680043.8.498.37601001435753056851102228743106146591.nii,48.07979656417512,48.0,47.0,48.0,48.0,48.395781071835806,34.0,62.0
./res_dicom2nifti/257/1.2.826.0.1.3680043.8.498.38186801005228183703910294856556680594/1.2.826.0.1.3680043.8.498.40942520754754814985287352661504915365.nii,24.536472848451787,24.0,21.0,24.0,24.0,24.49865301724138,12.0,37.0
./res_dicom2nifti/258/1.2.826.0.1.3680043.8.498.16507735272121311081842791298174167265/1.2.826.0.1.3680043.8.498.83316845528425549821689572814252756866.nii,56.01963527666388,56.0,57.0,56.0,56.0,56.41799086757991,43.0,70.0
./res_dicom2nifti/259/1.2.826.0.1.3680043.8.498.13190165593194342796720354227459962595/1.2.826.0.1.3680043.8.498.30070929909941666235968719250278959004.nii,53.78453426769917,54.0,53.0,54.0,54.0,53.77945729375342,36.0,72.0
./res_dicom2nifti/26/1.2.826.0.1.3680043.8.498.68054659433655455428068075773498655034/1.2.826.0.1.3680043.8.498.12705608609988448562544447925287072354.nii,67.05244790151966,68.0,69.0,68.0,68.0,67.8675010343401,54.0,81.0
./res_dicom2nifti/260/1.2.826.0.1.3680043.8.498.61700023738105149975809136936420432454/1.2.826.0.1.3680043.8.498.10575715691531685766229431602912495850.nii,35.824572113445946,36.0,38.0,36.0,36.0,35.87014032666207,25.0,47.0
./res_dicom2nifti/260/1.2.826.0.1.3680043.8.498.61700023738105149975809136936420432454/1.2.826.0.1.3680043.8.498.12724497040738069336609024469984146472.nii,36.24036629791785,36.0,38.0,36.0,36.0,36.28751094981855,18.0,54.0
./res_dicom2nifti/260/1.2.826.0.1.3680043.8.498.81507658377878971954158454749608749393/1.2.826.0.1.3680043.8.498.44369290542114857262665598195384775829.nii,31.776143446448465,32.0,33.0,32.0,32.0,31.843123209169054,19.0,45.0
./res_dicom2nifti/261/1.2.826.0.1.3680043.8.498.11180887452409675966879046687953608622/1.2.826.0.1.3680043.8.498.10712624349296405485989610297328655366.nii,43.34354115590892,44.0,47.0,44.0,44.0,44.06553079947575,36.0,52.0
./res_dicom2nifti/262/1.2.826.0.1.3680043.8.498.94711731489156749509208306286185378024/1.2.826.0.1.3680043.8.498.45117578720331267733627183998267131999.nii,37.84760764753477,38.0,42.0,38.0,38.0,38.04298998569385,18.0,58.0
./res_dicom2nifti/262/1.2.826.0.1.3680043.8.498.94711731489156749509208306286185378024/1.2.826.0.1.3680043.8.498.58353056436793404980793524465874748371.nii,37.48068339412868,38.0,40.0,38.0,38.0,37.638332430969136,25.0,50.0
./res_dicom2nifti/264/1.2.826.0.1.3680043.8.498.13339488515272213877294850207593209501/1.2.826.0.1.3680043.8.498.79001855116237730355309997698874534566.nii,58.49299676949968,59.0,61.0,59.0,59.0,59.079274695097325,49.0,68.0
./res_dicom2nifti/265/1.2.826.0.1.3680043.8.498.36962740576567457267934054601584941241/1.2.826.0.1.3680043.8.498.39345527970158502276893855934205732832.nii,38.018798108816746,38.0,38.0,38.0,38.0,38.283941926968765,27.0,50.0
./res_dicom2nifti/265/1.2.826.0.1.3680043.8.498.92957028596599519942732946877822642706/1.2.826.0.1.3680043.8.498.89813941941725526126083856927744935866.nii,46.4295634658391,47.0,48.0,47.0,47.0,46.85752688172043,35.0,58.0
./res_dicom2nifti/266/1.2.826.0.1.3680043.8.498.13145441276485466490290409134754176088/1.2.826.0.1.3680043.8.498.21731519414872749885748812425830739508.nii,44.336805667676295,45.0,47.0,45.0,45.0,44.711603709567974,35.0,54.0
./res_dicom2nifti/267/1.2.826.0.1.3680043.8.498.13962182898312060089473795303133444040/1.2.826.0.1.3680043.8.498.34521723898175086955318860940338416582.nii,54.20927419354839,55.0,59.0,55.0,55.0,54.76044634377968,36.0,72.0
./res_dicom2nifti/267/1.2.826.0.1.3680043.8.498.13962182898312060089473795303133444040/1.2.826.0.1.3680043.8.498.12464773359857724455206645776328732107.nii,53.21808237469187,54.0,56.0,54.0,54.0,53.745554035567714,39.0,68.0
./res_dicom2nifti/268/1.2.826.0.1.3680043.8.498.17698885160480662354399390718275374446/1.2.826.0.1.3680043.8.498.21524656155035970667444655863222573142.nii,61.639558939731344,62.0,62.0,62.0,62.0,62.05422235722965,44.0,79.0
./res_dicom2nifti/268/1.2.826.0.1.3680043.8.498.17698885160480662354399390718275374446/1.2.826.0.1.3680043.8.498.65036308465264009116226565026884939190.nii,61.34885264350072,62.0,65.0,62.0,62.0,61.94237435008665,51.0,72.0
./res_dicom2nifti/269/1.2.826.0.1.3680043.8.498.15200775179591543054426504067848065224/1.2.826.0.1.3680043.8.498.70559516691255608818886327360523361614.nii,61.48254953223927,62.0,64.0,62.0,62.0,62.4585022656809,54.0,70.0
./res_dicom2nifti/27/1.2.826.0.1.3680043.8.498.63479409038529791763995134814029244398/1.2.826.0.1.3680043.8.498.51107999171835194551559144392223189167.nii,20.38541881131372,20.0,22.0,20.0,20.0,20.349351851851853,-6.0,47.0
./res_dicom2nifti/270/1.2.826.0.1.3680043.8.498.92806864332615430887108486318105330712/1.2.826.0.1.3680043.8.498.11890043836177263651681056466055732112.nii,34.648507696506,35.0,35.0,35.0,35.0,34.7434829833454,25.0,45.0
./res_dicom2nifti/270/1.2.826.0.1.3680043.8.498.92806864332615430887108486318105330712/1.2.826.0.1.3680043.8.498.93443683056583760607219568270273021327.nii,35.00147855921126,35.0,37.0,35.0,35.0,35.10174593618302,19.0,51.0
./res_dicom2nifti/28/1.2.826.0.1.3680043.8.498.13049877969670222134978250252632950036/1.2.826.0.1.3680043.8.498.55189483214952940645163684510766569696.nii,27.80169429361196,28.0,27.0,28.0,28.0,27.501434491552438,18.0,37.0
./res_dicom2nifti/29/1.2.826.0.1.3680043.8.498.11507972750532456647059794327687831320/1.2.826.0.1.3680043.8.498.18049646297042919270881226827248858581.nii,58.36530105194133,59.0,59.0,59.0,59.0,58.70504933255949,43.0,73.0
./res_dicom2nifti/3/1.2.826.0.1.3680043.8.498.67910990304889234794754091501513946542/1.2.826.0.1.3680043.8.498.80930780181232224004933999742028686719.nii,20.145322230853584,20.0,18.0,20.0,20.0,19.949345079401876,3.0,37.0
./res_dicom2nifti/30/1.2.826.0.1.3680043.8.498.45293947221664336993736808614719246148/1.2.826.0.1.3680043.8.498.56275626604655275192234444040641032248.nii,52.83168122360664,53.0,53.0,53.0,53.0,53.04168053244592,38.0,68.0
./res_dicom2nifti/31/1.2.826.0.1.3680043.8.498.36716642715558646687061436566986359330/1.2.826.0.1.3680043.8.498.61938435081362409717259991208149205030.nii,39.318166813153255,40.0,37.0,40.0,40.0,39.530367074527256,25.0,54.0
./res_dicom2nifti/32/1.2.826.0.1.3680043.8.498.10750011764701866244996625415641245324/1.2.826.0.1.3680043.8.498.12271791880011146086855345359486258878.nii,57.73768375204169,58.0,63.0,58.0,58.0,57.90772604588394,40.0,75.0
./res_dicom2nifti/33/1.2.826.0.1.3680043.8.498.13164050192685964284804028596376369244/1.2.826.0.1.3680043.8.498.13299159218546260620761813463500764521.nii,55.99457837157518,56.0,57.0,56.0,56.0,56.39566321901651,40.0,73.0
./res_dicom2nifti/34/1.2.826.0.1.3680043.8.498.38471391476318345467372565924124709037/1.2.826.0.1.3680043.8.498.12472808258634790946014945339915789190.nii,37.63867345671345,38.0,37.0,38.0,38.0,37.72782074613285,25.0,50.0
./res_dicom2nifti/35/1.2.826.0.1.3680043.8.498.24525738592660638511584316556598840104/1.2.826.0.1.3680043.8.498.32025864144851738456457619726916277737.nii,58.00760187091253,59.0,59.0,59.0,59.0,58.543004941321804,46.0,71.0
./res_dicom2nifti/36/1.2.826.0.1.3680043.8.498.30556731267115379729127848840641908852/1.2.826.0.1.3680043.8.498.90904278912869806252230986677898926781.nii,49.85643781531037,50.0,51.0,50.0,50.0,50.1983441324694,40.0,60.0
./res_dicom2nifti/36/1.2.826.0.1.3680043.8.498.30556731267115379729127848840641908852/1.2.826.0.1.3680043.8.498.45051965510681635856689552224710411221.nii,50.0148891337134,50.0,51.0,50.0,50.0,50.08021728145528,31.0,69.0
./res_dicom2nifti/37/1.2.826.0.1.3680043.8.498.86131450134493061019249608645341529224/1.2.826.0.1.3680043.8.498.14471558791276478372436930401897129583.nii,41.113280994231715,41.0,45.0,41.0,41.0,41.33473368342086,22.0,60.0
./res_dicom2nifti/37/1.2.826.0.1.3680043.8.498.86131450134493061019249608645341529224/1.2.826.0.1.3680043.8.498.12089623687491887240022387050593278410.nii,40.58038684399667,41.0,41.0,41.0,41.0,40.72575798962032,29.0,52.0
./res_dicom2nifti/38/1.2.826.0.1.3680043.8.498.71355041482946044416711008386409643335/1.2.826.0.1.3680043.8.498.79626908488796310437651039754395585239.nii,40.49720924682055,41.0,36.0,41.0,41.0,40.641558441558445,20.0,61.0
./res_dicom2nifti/39/1.2.826.0.1.3680043.8.498.56421000613713685805069320626654732958/1.2.826.0.1.3680043.8.498.51842562285695427124108553329492474880.nii,50.40754792527271,51.0,52.0,51.0,51.0,51.01710235401222,36.0,65.0
./res_dicom2nifti/4/1.2.826.0.1.3680043.8.498.55634320838993247342787879576792450653/1.2.826.0.1.3680043.8.498.12857057072401433051460521699702267989.nii,29.48216665292144,30.0,32.0,30.0,30.0,29.6727560718057,3.0,56.0
./res_dicom2nifti/40/1.2.826.0.1.3680043.8.498.80104935931080897785539411309435724569/1.2.826.0.1.3680043.8.498.11671521248808998110306049023432564745.nii,26.277003484320556,26.0,25.0,26.0,26.0,25.884836507366153,13.0,39.0
./res_dicom2nifti/41/1.2.826.0.1.3680043.8.498.10244991420019119637340603365524674537/1.2.826.0.1.3680043.8.498.54654367537920168426162747113015833139.nii,29.042626778950464,29.0,29.0,29.0,29.0,29.102972399150744,11.0,47.0
./res_dicom2nifti/42/1.2.826.0.1.3680043.8.498.11202764354118711947083047965678190811/1.2.826.0.1.3680043.8.498.10555131691893599981788508345209585971.nii,-28.896343815012575,-29.0,-33.0,-29.0,-29.0,-29.355857510099156,-48.0,-11.0
./res_dicom2nifti/43/1.2.826.0.1.3680043.8.498.78887752710459921958759827325369294343/1.2.826.0.1.3680043.8.498.70491384574565115031742831958535295527.nii,60.79366856266893,62.0,62.0,62.0,62.0,61.58724265946676,47.0,75.0
./res_dicom2nifti/44/1.2.826.0.1.3680043.8.498.17400962237863473834499142220815548619/1.2.826.0.1.3680043.8.498.47106487481673387963569503436667370847.nii,58.411535852519854,59.0,61.0,59.0,59.0,58.947292069632496,49.0,69.0
./res_dicom2nifti/44/1.2.826.0.1.3680043.8.498.17400962237863473834499142220815548619/1.2.826.0.1.3680043.8.498.62112583757361902519972316062078500643.nii,58.71509349734636,59.0,58.0,59.0,59.0,58.95865533230294,43.0,75.0
./res_dicom2nifti/45/1.2.826.0.1.3680043.8.498.30069378212360111240222344271859842821/1.2.826.0.1.3680043.8.498.25973022750303410159706581457567489507.nii,34.40635771268498,34.0,32.0,34.0,34.0,34.44989939637827,26.0,43.0
./res_dicom2nifti/46/1.2.826.0.1.3680043.8.498.90823424934806925861405580050993804248/1.2.826.0.1.3680043.8.498.10414213844384125222924119935889241782.nii,47.122789523062124,47.0,48.0,47.0,47.0,47.46938369781312,30.0,65.0
./res_dicom2nifti/47/1.2.826.0.1.3680043.8.498.12682186867426828709942692780081139314/1.2.826.0.1.3680043.8.498.83532992868766480210087930058918341003.nii,41.33477442766901,41.0,43.0,41.0,41.0,41.460886571056065,26.0,57.0
./res_dicom2nifti/48/1.2.826.0.1.3680043.8.498.78005250022922147839122780720364128877/1.2.826.0.1.3680043.8.498.21856035072348003489847302464304961497.nii,51.94986727964316,53.0,54.0,53.0,53.0,52.514689265536724,41.0,63.0
./res_dicom2nifti/48/1.2.826.0.1.3680043.8.498.78005250022922147839122780720364128877/1.2.826.0.1.3680043.8.498.37601722125274200045858530935351278300.nii,52.36872174899602,53.0,53.0,53.0,53.0,52.69110985277463,35.0,70.0
./res_dicom2nifti/49/1.2.826.0.1.3680043.8.498.11757247216999765658308269559238618719/1.2.826.0.1.3680043.8.498.10090418975609168439234360094286203249.nii,48.07388465879059,49.0,50.0,49.0,49.0,48.888821014050095,37.0,60.0
./res_dicom2nifti/5/1.2.826.0.1.3680043.8.498.35311429840816651093237891336035825514/1.2.826.0.1.3680043.8.498.46365234807203212622701858391543954690.nii,22.738857879385016,23.0,24.0,23.0,23.0,22.569824016563146,7.0,38.0
./res_dicom2nifti/50/1.2.826.0.1.3680043.8.498.28672442423490290092742709044491382340/1.2.826.0.1.3680043.8.498.10789379997887955871962959817904128540.nii,44.930366420770405,46.0,53.0,46.0,46.0,45.761146496815286,32.0,59.0
./res_dicom2nifti/51/1.2.826.0.1.3680043.8.498.13293754598765733532082564087989418433/1.2.826.0.1.3680043.8.498.11146798311078258880583502404047291896.nii,10.382989431303473,11.0,10.0,11.0,11.0,10.606695496570236,-10.0,31.0
./res_dicom2nifti/52/1.2.826.0.1.3680043.8.498.10193923132608144071285525728297727851/1.2.826.0.1.3680043.8.498.64907185800784059674129849528370146697.nii,22.58576512455516,23.0,26.0,23.0,23.0,22.722697756788666,10.0,36.0
./res_dicom2nifti/52/1.2.826.0.1.3680043.8.498.10193923132608144071285525728297727851/1.2.826.0.1.3680043.8.498.46293624980674892748201052589500077827.nii,22.6486945477266,23.0,24.0,23.0,23.0,22.828842474489797,2.0,43.0
./res_dicom2nifti/53/1.2.826.0.1.3680043.8.498.89190897594116404263107278228394519760/1.2.826.0.1.3680043.8.498.93232467033312781065752203417449155167.nii,41.698151267032735,42.0,43.0,42.0,42.0,41.83773028739867,27.0,56.0
./res_dicom2nifti/54/1.2.826.0.1.3680043.8.498.32530051792170369341588383484901720516/1.2.826.0.1.3680043.8.498.93938501688620655932319339217195279565.nii,52.144426087200024,52.0,56.0,52.0,52.0,52.458415841584156,36.0,68.0
./res_dicom2nifti/55/1.2.826.0.1.3680043.8.498.10941408871396524213617035056748236575/1.2.826.0.1.3680043.8.498.10126395441293223852323092403020167596.nii,31.58942677684514,32.0,29.0,32.0,32.0,31.651361573373677,17.0,47.0
./res_dicom2nifti/56/1.2.826.0.1.3680043.8.498.89528464794303297168680079532312067253/1.2.826.0.1.3680043.8.498.43395439589064709480865509723158393225.nii,17.13872294080096,17.0,18.0,17.0,17.0,16.862289325842696,0.0,34.0
./res_dicom2nifti/57/1.2.826.0.1.3680043.8.498.12681765095821791252139536787001741300/1.2.826.0.1.3680043.8.498.62749254813814966660094494383337811722.nii,21.07014609660591,21.0,18.0,21.0,21.0,20.890890656683826,1.0,41.0
./res_dicom2nifti/58/1.2.826.0.1.3680043.8.498.29417345946862898521029525775461204397/1.2.826.0.1.3680043.8.498.13314811672127271697796818008946465637.nii,40.127367233544554,41.0,43.0,41.0,41.0,40.74378378378378,20.0,61.0
./res_dicom2nifti/59/1.2.826.0.1.3680043.8.498.48143155838172092051411412362779018308/1.2.826.0.1.3680043.8.498.68401255870298913181618703134295137399.nii,15.562276189507603,15.0,14.0,15.0,15.0,15.486662922925733,1.0,30.0
./res_dicom2nifti/59/1.2.826.0.1.3680043.8.498.48143155838172092051411412362779018308/1.2.826.0.1.3680043.8.498.10563860881248368800006651765927574462.nii,15.446200835923266,15.0,15.0,15.0,15.0,15.342078960519741,5.0,26.0
./res_dicom2nifti/6/1.2.826.0.1.3680043.8.498.96770152703623443800901486138527828837/1.2.826.0.1.3680043.8.498.47138363282824867416555373186859837056.nii,21.760440489570335,22.0,21.0,22.0,22.0,21.716666666666665,3.0,41.0
./res_dicom2nifti/6/1.2.826.0.1.3680043.8.498.96770152703623443800901486138527828837/1.2.826.0.1.3680043.8.498.62936922154322974298059413866663358841.nii,21.313380193611327,21.0,24.0,21.0,21.0,21.095434543454346,9.0,33.0
./res_dicom2nifti/60/1.2.826.0.1.3680043.8.498.68047274590630060098316964464277234025/1.2.826.0.1.3680043.8.498.11272048733976936661110422289682562295.nii,46.78254700248315,47.0,47.0,47.0,47.0,47.33771380892782,38.0,56.0
./res_dicom2nifti/61/1.2.826.0.1.3680043.8.498.45110163201604990328057422630801811921/1.2.826.0.1.3680043.8.498.52041175812847058401994184360845273684.nii,41.68748311126245,42.0,41.0,42.0,42.0,41.62451537865081,26.0,58.0
./res_dicom2nifti/62/1.2.826.0.1.3680043.8.498.71244423029758754159060145402015963683/1.2.826.0.1.3680043.8.498.10631460026558090433070222465268682778.nii,62.25522592968424,63.0,64.0,63.0,63.0,63.12212065813528,54.0,71.0
./res_dicom2nifti/63/1.2.826.0.1.3680043.8.498.10040214062591747567107727787630978405/1.2.826.0.1.3680043.8.498.87504657373136240342054851065446631043.nii,26.33529634149745,26.0,28.0,26.0,26.0,26.27778604374349,10.0,42.0
./res_dicom2nifti/64/1.2.826.0.1.3680043.8.498.10922822026556438576920856467117638802/1.2.826.0.1.3680043.8.498.30422686641810357293008911616026593458.nii,31.861214792218174,32.0,31.0,32.0,32.0,32.01710376282782,14.0,50.0
./res_dicom2nifti/64/1.2.826.0.1.3680043.8.498.10922822026556438576920856467117638802/1.2.826.0.1.3680043.8.498.38921738978761802131505008853527465612.nii,31.69440035782305,32.0,32.0,32.0,32.0,31.819304666056723,20.0,43.0
./res_dicom2nifti/65/1.2.826.0.1.3680043.8.498.12523266281289716422439504626034628878/1.2.826.0.1.3680043.8.498.10830764320276353702829186027422463937.nii,40.166262607963596,40.0,40.0,40.0,40.0,40.442006269592476,30.0,51.0
./res_dicom2nifti/65/1.2.826.0.1.3680043.8.498.12523266281289716422439504626034628878/1.2.826.0.1.3680043.8.498.99456433378717168894765109442106120185.nii,40.53062348769073,41.0,46.0,41.0,41.0,40.71924198250729,23.0,58.0
./res_dicom2nifti/65/1.2.826.0.1.3680043.8.498.28563894550340333452354231692023388506/1.2.826.0.1.3680043.8.498.22325324277803213201424826845374796003.nii,43.63006760835446,44.0,46.0,44.0,44.0,43.97926775474195,34.0,54.0
./res_dicom2nifti/65/1.2.826.0.1.3680043.8.498.55514032051281374118824207634308750369/1.2.826.0.1.3680043.8.498.12265937552538660288496085680203517254.nii,48.611769636015325,49.0,49.0,49.0,49.0,48.950463043858115,40.0,58.0
./res_dicom2nifti/65/1.2.826.0.1.3680043.8.498.55514032051281374118824207634308750369/1.2.826.0.1.3680043.8.498.12005477155347963254156064896879216242.nii,48.98064264891206,49.0,49.0,49.0,49.0,49.20943378741544,35.0,63.0
./res_dicom2nifti/66/1.2.826.0.1.3680043.8.498.27434573139436754880467858827701377222/1.2.826.0.1.3680043.8.498.12959552480406494406140001307414570477.nii,49.39664756892952,50.0,51.0,50.0,50.0,49.907806307082545,33.0,66.0
./res_dicom2nifti/67/1.2.826.0.1.3680043.8.498.33946876179426401399347256746388429689/1.2.826.0.1.3680043.8.498.12941620396796333880249615290031180671.nii,37.97628128376603,38.0,40.0,38.0,38.0,38.30717008099095,27.0,49.0
./res_dicom2nifti/68/1.2.826.0.1.3680043.8.498.35108657748274985245792295588846887918/1.2.826.0.1.3680043.8.498.28937338128755381835302601491430450132.nii,19.71419964520412,20.0,25.0,20.0,20.0,20.06217901687454,2.0,38.0
./res_dicom2nifti/69/1.2.826.0.1.3680043.8.498.11444605628309227810642476389302269329/1.2.826.0.1.3680043.8.498.74707131826501125500014967314782412132.nii,54.00590024624596,55.0,57.0,55.0,55.0,54.94863387978142,44.0,65.0
./res_dicom2nifti/7/1.2.826.0.1.3680043.8.498.92561492744848745415218515325428412461/1.2.826.0.1.3680043.8.498.42157691684097245021275513907546196788.nii,54.07556093684967,55.0,57.0,55.0,55.0,54.80098684210526,46.0,63.0
./res_dicom2nifti/7/1.2.826.0.1.3680043.8.498.92561492744848745415218515325428412461/1.2.826.0.1.3680043.8.498.13402560764035164755255899587734776159.nii,54.71447115555262,55.0,54.0,55.0,55.0,55.023064995477455,41.0,69.0
./res_dicom2nifti/70/1.2.826.0.1.3680043.8.498.50099072266059414097623779623458165507/1.2.826.0.1.3680043.8.498.57528255198478216761703222391198465743.nii,54.456080245004024,55.0,57.0,55.0,55.0,55.23416711016498,45.0,64.0
./res_dicom2nifti/70/1.2.826.0.1.3680043.8.498.50099072266059414097623779623458165507/1.2.826.0.1.3680043.8.498.12085100449950657629799852643924188700.nii,54.87962609789287,55.0,55.0,55.0,55.0,55.30064398712026,40.0,70.0
./res_dicom2nifti/71/1.2.826.0.1.3680043.8.498.20810222461150478189849536717407185564/1.2.826.0.1.3680043.8.498.67493546490648474721219359897386200529.nii,4.647268408551069,4.0,6.0,4.0,4.0,4.203117015840572,-7.0,15.0
./res_dicom2nifti/71/1.2.826.0.1.3680043.8.498.20810222461150478189849536717407185564/1.2.826.0.1.3680043.8.498.63305673785872958861429832204102993629.nii,4.117841677613973,4.0,3.0,4.0,4.0,3.700132978723404,-3.0,11.0
./res_dicom2nifti/72/1.2.826.0.1.3680043.8.498.79656966303662680251564082584360714321/1.2.826.0.1.3680043.8.498.12429626794161228086266959187057491046.nii,19.794961934617106,19.0,18.0,19.0,19.0,18.859274755927476,9.0,29.0
./res_dicom2nifti/73/1.2.826.0.1.3680043.8.498.32123513527276982801556149299703233106/1.2.826.0.1.3680043.8.498.97352251117813049176313066894512389020.nii,49.76086435459188,50.0,50.0,50.0,50.0,50.247078121796186,35.0,65.0
./res_dicom2nifti/74/1.2.826.0.1.3680043.8.498.10987657604502570275662874136418351010/1.2.826.0.1.3680043.8.498.83865740049957835261418723472679243189.nii,27.77357727371729,28.0,28.0,28.0,28.0,27.66482330725654,18.0,37.0
./res_dicom2nifti/74/1.2.826.0.1.3680043.8.498.10987657604502570275662874136418351010/1.2.826.0.1.3680043.8.498.75040795791484811720947620300544330056.nii,28.003605292943,28.0,29.0,28.0,28.0,27.940889611349196,13.0,43.0
./res_dicom2nifti/74/1.2.826.0.1.3680043.8.498.13136522129636498560542473314248585091/1.2.826.0.1.3680043.8.498.99567882303198792868003984742191933140.nii,28.97278941904344,29.0,30.0,29.0,29.0,28.813853986135182,17.0,41.0
./res_dicom2nifti/75/1.2.826.0.1.3680043.8.498.12041408738458776536528214712303672697/1.2.826.0.1.3680043.8.498.11214817200961600267061765893398732392.nii,43.22144414779791,43.0,42.0,43.0,43.0,43.18509724106739,28.0,59.0
./res_dicom2nifti/75/1.2.826.0.1.3680043.8.498.33001612027936693054129346977840574515/1.2.826.0.1.3680043.8.498.55724662969082697446631026423591493092.nii,45.208090353308776,45.0,43.0,45.0,45.0,45.292236598890945,27.0,64.0
./res_dicom2nifti/75/1.2.826.0.1.3680043.8.498.48863372537542246132549816516273647635/1.2.826.0.1.3680043.8.498.48667554817598768317499660503489998557.nii,48.4033055716319,48.0,51.0,48.0,48.0,48.48390784382694,29.0,68.0
./res_dicom2nifti/76/1.2.826.0.1.3680043.8.498.96019731298162280605483439716206517375/1.2.826.0.1.3680043.8.498.82220197493068028438309812520166672781.nii,19.164475853809527,19.0,18.0,19.0,19.0,18.80206502636204,-1.0,39.0
./res_dicom2nifti/77/1.2.826.0.1.3680043.8.498.39934146654611557385601591104813866663/1.2.826.0.1.3680043.8.498.93535004638337585424342142455944603052.nii,24.466337796570354,25.0,24.0,25.0,25.0,24.564334790755776,15.0,34.0
./res_dicom2nifti/77/1.2.826.0.1.3680043.8.498.39934146654611557385601591104813866663/1.2.826.0.1.3680043.8.498.70765346163125500884109834484428271493.nii,24.628552069029617,25.0,27.0,25.0,25.0,24.67782328847279,9.0,40.0
./res_dicom2nifti/78/1.2.826.0.1.3680043.8.498.78585370588687879000568043880172472503/1.2.826.0.1.3680043.8.498.46104384594275001508919975850356674068.nii,56.77723625557206,57.0,57.0,57.0,57.0,57.06982522275531,40.0,74.0
./res_dicom2nifti/79/1.2.826.0.1.3680043.8.498.92661767765561546101079161178805263468/1.2.826.0.1.3680043.8.498.58278078212215200183049802648390871219.nii,27.611675706537255,28.0,29.0,28.0,28.0,27.505564387917328,13.0,42.0
./res_dicom2nifti/79/1.2.826.0.1.3680043.8.498.92661767765561546101079161178805263468/1.2.826.0.1.3680043.8.498.79284234820471655200160109435702867838.nii,27.73748852853077,28.0,25.0,28.0,28.0,27.522591181273818,-4.0,59.0
./res_dicom2nifti/8/1.2.826.0.1.3680043.8.498.55395637708212394044083773360722167421/1.2.826.0.1.3680043.8.498.42435124694628977221560324080148026000.nii,29.733236206059246,30.0,30.0,30.0,30.0,29.641393442622952,17.0,43.0
./res_dicom2nifti/80/1.2.826.0.1.3680043.8.498.22704304194143949758445033612471557654/1.2.826.0.1.3680043.8.498.10735868024590498487905861522828274169.nii,54.067894383136334,54.0,57.0,54.0,54.0,54.04651162790697,30.0,79.0
./res_dicom2nifti/81/1.2.826.0.1.3680043.8.498.83644514793986879590156493887235195507/1.2.826.0.1.3680043.8.498.13335212437703232592761246589195808425.nii,13.956026541113127,13.0,11.0,13.0,13.0,13.359537966663417,-5.0,32.0
./res_dicom2nifti/82/1.2.826.0.1.3680043.8.498.13116653774372210765485187783367253041/1.2.826.0.1.3680043.8.498.86352296925417433144637543458408160246.nii,61.12903204484163,62.0,65.0,62.0,62.0,61.862986902534445,47.0,75.0
./res_dicom2nifti/83/1.2.826.0.1.3680043.8.498.10172762614004317023736375873062970273/1.2.826.0.1.3680043.8.498.75091875126411002187545244326633228344.nii,61.84577493983824,62.0,65.0,62.0,62.0,62.46075843867204,47.0,77.0
./res_dicom2nifti/84/1.2.826.0.1.3680043.8.498.39011638424533169392599652781318339198/1.2.826.0.1.3680043.8.498.11514147635329371539406115548101881363.nii,7.356540084388186,7.0,4.0,7.0,7.0,6.625,-2.0,15.25
./res_dicom2nifti/85/1.2.826.0.1.3680043.8.498.28905114471023390059352171371174221596/1.2.826.0.1.3680043.8.498.21822012625737464515760109931475064283.nii,52.755338699171865,53.0,53.0,53.0,53.0,53.303905938620964,44.0,63.0
./res_dicom2nifti/86/1.2.826.0.1.3680043.8.498.10040425060006214970375718019293149906/1.2.826.0.1.3680043.8.498.11123742475451118688499545612436089626.nii,49.29931526746068,50.0,50.0,50.0,50.0,49.513513513513516,33.0,66.0
./res_dicom2nifti/87/1.2.826.0.1.3680043.8.498.10662609481649791325907771624048312576/1.2.826.0.1.3680043.8.498.48941581867189229200761974928480142902.nii,-8.502001721712086,-10.0,-11.0,-10.0,-10.0,-10.022531819745442,-29.0,11.0
./res_dicom2nifti/88/1.2.826.0.1.3680043.8.498.10043272246598615136961689266405584482/1.2.826.0.1.3680043.8.498.12111108207264335271779815361767027254.nii,32.46301143179073,33.0,32.0,33.0,33.0,32.57387564141262,13.0,52.0
./res_dicom2nifti/89/1.2.826.0.1.3680043.8.498.85887382442707637932582011055120939307/1.2.826.0.1.3680043.8.498.94710248983502310200114406205670827416.nii,45.06620251618419,45.0,48.0,45.0,45.0,45.464182692307695,36.0,55.0
./res_dicom2nifti/9/1.2.826.0.1.3680043.8.498.13229552334049922029256499922243870422/1.2.826.0.1.3680043.8.498.74108365370404889123206934352116952962.nii,28.36955938596661,28.0,29.0,28.0,28.0,28.103990564183214,9.0,47.0
./res_dicom2nifti/90/1.2.826.0.1.3680043.8.498.21753087159982113523813785472137886889/1.2.826.0.1.3680043.8.498.12027719157934268441842741446269429846.nii,43.257764117971675,43.0,44.0,43.0,43.0,42.975270569067845,31.0,55.0
./res_dicom2nifti/91/1.2.826.0.1.3680043.8.498.11619796913905666667721094673463747707/1.2.826.0.1.3680043.8.498.12529765927612318224778045651034501069.nii,42.77782430015428,43.0,45.0,43.0,43.0,42.86520477265398,24.0,62.0
./res_dicom2nifti/92/1.2.826.0.1.3680043.8.498.14927079454139838376318062776155388302/1.2.826.0.1.3680043.8.498.90906479609244388180556940048038644170.nii,49.61697860729022,50.0,49.0,50.0,50.0,49.70450662110209,33.0,66.0
./res_dicom2nifti/93/1.2.826.0.1.3680043.8.498.13327172709063107826326538395411535222/1.2.826.0.1.3680043.8.498.11677052415921229414277121103574634589.nii,51.98984994759669,52.0,54.0,52.0,52.0,52.190525672371635,33.0,72.0
./res_dicom2nifti/93/1.2.826.0.1.3680043.8.498.83694410100381589196916569804862678992/1.2.826.0.1.3680043.8.498.11944164757592642727416814600802154313.nii,45.611948815975055,46.0,50.0,46.0,46.0,45.874041383301986,29.0,62.0
./res_dicom2nifti/94/1.2.826.0.1.3680043.8.498.70732085655152309976381324715198263919/1.2.826.0.1.3680043.8.498.11886824904111858542077848519493738127.nii,57.35084910712743,58.0,58.0,58.0,58.0,57.80048444671086,45.0,70.0
./res_dicom2nifti/94/1.2.826.0.1.3680043.8.498.70732085655152309976381324715198263919/1.2.826.0.1.3680043.8.498.77238313587711908476301157958592260935.nii,58.17524841036809,58.0,59.0,58.0,58.0,58.42988289720977,38.0,78.0
./res_dicom2nifti/95/1.2.826.0.1.3680043.8.498.97091417777068586429880608632415382586/1.2.826.0.1.3680043.8.498.77630930506605474149485241435898498453.nii,58.479817913266665,59.0,61.0,59.0,59.0,58.97012948793408,49.0,69.0
./res_dicom2nifti/96/1.2.826.0.1.3680043.8.498.10141834863661785254407720340555808948/1.2.826.0.1.3680043.8.498.12828495473005943035701902046156187048.nii,52.94322579167907,54.0,56.0,54.0,54.0,53.760817784835254,44.0,63.0
./res_dicom2nifti/97/1.2.826.0.1.3680043.8.498.41024544412422093343602760856125330050/1.2.826.0.1.3680043.8.498.37657157378851413157521455475049278761.nii,35.77580122122562,36.0,37.0,36.0,36.0,36.201559495834225,18.0,53.0
./res_dicom2nifti/97/1.2.826.0.1.3680043.8.498.41024544412422093343602760856125330050/1.2.826.0.1.3680043.8.498.21155972711048434712819488020556147302.nii,35.27532984814538,36.0,34.0,36.0,36.0,35.58357649020425,24.0,47.0
./res_dicom2nifti/98/1.2.826.0.1.3680043.8.498.13154777997214040859746606078782845347/1.2.826.0.1.3680043.8.498.83557997974683315529078018434198833279.nii,20.97988101894529,21.0,19.0,21.0,21.0,20.74749256034388,3.0,38.0
./res_dicom2nifti/99/1.2.826.0.1.3680043.8.498.11747122084645698171388629871835249751/1.2.826.0.1.3680043.8.498.11422804253685102698036529772487622899.nii,61.32753399915002,62.0,65.0,62.0,62.0,61.93350785340314,51.0,72.0
